id,texto
1,3456 - Institui lei anti-pichação e cria programa de combate
2,3457 - Institui política de transparencia da infraestrutura escolar
3,3458 - Autoriza o poder executivo desembolsar valores para custeio 68 jogos regionais Santana do Parnaíba
4,3452 - Regulamentação do artigo 1358 - parcelamento de solo - condomínio de lotes - Vila Propheta
5,3453 - Autoriza o poder executivo desafetar e doar bens imóveis para fins exclusivos de implantação de empreendimentos habitacionais
6,3454 - Dispõe sobre as diretrizes Orçamentárias - LDO
7,3455 - Dispõe sobre abertura de crédito 100.000 semads
8,3450 - autoriza poder executivo desafetar e efetuar alienação do imóvel matrícula 14.978 e 90.858 e 90.859
9,3447 - autoriza sepultamento de cães e gatos em jazigos de tutores ou familiares
10,3451 - Altera Lei 3207-2025 - Associação Nacional do CAvalo de Rédeas ANCR
11,3448 - implantação de espaços sensoriais em praças públicas TEA
12,3449 - áreas destinadas às pessoas com deficiência PCD e TEA
13,3442 - inclui área matrícula 88.151 no perímetro urbano
14,3446 - abertura de crédito 681.800 - secretaria de planejamento
15,3443 - abertura de crédito 180 mil - saúde
16,401 - dispõe sobre autorização para realizar alienação doação de imóvel para associação Residencial Terras Altas
17,3440 - dispõe sobre programa de incentivo a denúncia de infrações ambientais urbanas
18,3444 - abertura de crédito 51.905 - secretaria da saúde
19,3441 - dispõe sobre autorização para realizar alienação doação de imóvel para associação Residencial Terras Altas
20,3445 - abertura de crédito 150.253 - secretaria de serviços
21,3439 - revisão das aliquotas adicionais - contribuição previdenciária  - déficit atuarial
22,3432 - institui programa semana saúde nos bairros
23,3436 - estabelece o índice para revisão geral anual com recomposição de poder de compra da remuneração da Câmara de Vereadores
24,3433 - realização de palestras - combate a pedofilia
25,3437 - abertura de crédito adicional suplementar 100.000 semads
26,3434 - programa de fornecimento complementar de medicamentos
27,3438 - abertura de crédito adicional suplementar 141.892 semads
28,3431 - criação de salas sensoriais alunos autistas e neuroatípicos
29,3435 - autoriza alienação de por meio de doação de imóvel À Fazenda do Estado SP
30,3430 - abertura de crédito adicional especial 21.538 semads
31,"3427 - institui campanha permanente vaga especial não é privilégio, é direito"
32,3424 - conversão de penalidade de multa em advertência doação de sangue
33,3428 - institui programa de incentivo a corrida de rua
34,3425 - inclusão de QR Code informativo nas placas de vias com biografia do homenageado
35,3429 - abertura de crédito adicional especial 105.819 saúde
36,3426 - institui no calendário Semana do EScoteiro
37,3423 - institui dia da Marcha para Jesus
38,3420 - autoriza desafetar área  - futura doação matrícula 96.596 - Golf Country
39,3421 - abertura crédito adicional especial - educação 97.512
40,3422 - declara e reconhece a Marcha para Jesus - patrimônio Cultural de natureza imaterial
41,3419 - crédito adicional especial - meio ambiente 1.311.383
42,400 - Dispõe sobre alteração do artigo 45 da LC 126-2010
43,3416 - Programa Gincana Estudantil de Avaré
44,3417 - Institui e inclui Semana da Criatividadee Inovação
45,3418 - crédito adicional especial - semads 248.366
46,3411 - abertura de crédito - semads 5.533
47,3404 - abertura de crédito - semads 2.736
48,3415 - abertura de crédito - educação 767.701
49,3408 - abertura de crédito - semads 851
50,3412 - abertura de crédito - semads 3.259
51,3405 - abertura de crédito - semads 2.033
52,3409 - abertura de crédito - semads 3.778
53,3413 - abertura de crédito - semads 1.785
54,3406 - abertura de crédito - semads 1.128
55,3410 - abertura de crédito - semads 5.299
56,3403 - abertura de crédito - semads 4.500
57,3414 - abertura de crédito - educação 274.019
58,3407 - abertura de crédito - semads 1.713
59,3396 - abertura de crédito - semads 67.532
60,3389 - abertura de crédito - semads 31.418
61,3400 - abertura de crédito - saude 4.304.909
62,3393 - abertura de crédito - semads 32.821
63,3397 - abertura de crédito - semads 17.466
64,3390 - abertura de crédito - semads 31.707
65,3401 - abertura de crédito - saude 2.019.091
66,3394 - abertura de crédito - semads 32.424
67,3387 - abertura de crédito - agricultura e abastecimento 101.014
68,3398 - abertura de crédito - semads 9.029
69,3391 - abertura de crédito - semads 10.264
70,3402 - abertura de crédito - saude 1.106.878
71,3395 - abertura de crédito - semads 24.000
72,3388 - abertura de crédito - semads 36.670
73,3399 - abertura de crédito - semads 65.248
74,3392 - abertura de crédito - semads 35.242
75,3386 - autoriza o poder executivo receber bens imóveis em doação - Jardim Esmeralda
76,399 - Concessão de Isenção taxa de alvará corridas de rua
77,3385 - abertura de crédito - saúde - 6.076.834
78,3378 - abertura de crédito - saúde 3.221.086
79,3382 - abertura de crédito - semads 124.959
80,3375 - ANEXO I - 1442-SMA-01-SA-RT-3055-R5
81,3379 - abertura de crédito - agricultura 24.815
82,3383 - abertura de crédito - saúde - 4.575.476
83,3376 - abertura de crédito - educação 177.518
84,3375 - Institui o Plano Municipal Saneamento Básico
85,3380 - abertura de crédito - semads 210.681
86,3384 - abertura de crédito - saúde - 598.027
87,3377 - abertura de crédito - semads 601.787
88,3381 - abertura de crédito - semads 116.655
89,3373 - Estabelece símbolo mundial TEA nos uniformes da rede municipal
90,3374 - Cria Programa Avaré Hidrata
91,3372 - Institui Cadastro de doadores de sangue
92,3371 - Crédito adicional - educação fundeb 131.000
93,"3370 - Crédito adicional - educação 87,50"
94,3364 - Reorganiza e reestrutura DESS - assinado
95,3366 - Autoriza contratação de serviços médicos especializados e exames complementares - assinado
96,3364 - ANEXOS
97,3369 - Crédito adicional - educação 2.259.945 - assinado
98,3366 - ANEXOS - contratação de serviços médicos especializados e exames complementares
99,398 - Concessão de isenção de taxa de alvará - lojas maçônicas - assinado
100,3368 - Crédito adicional - planejamento e obras - 4.510 - assinado
101,3365 - Crédito Adicional - planejamento e obras 65.366 - assinado
102,397 - Institui REFIS 2026 - assinado
103,3367 - Crédito adicional - gabinete bombeiros - 1.380.636 - assinado
104,3363 - Implantação de código QR code em placas de obras públicas para leitura e fiscalização eletronica
105,3362 - Difusão do Alfabeto Manual em Libras
106,3360 - fixa subsidio prefeito e vice-prefeito 2029
107,393 - alteração lei complementar 344-2025
108,3361 - abertura de crédito adicional suplementar - FREA
109,394 - alteração lei complementar 367-2025
110,391 - alteração do artigo 21 da lei complementar 96-2009
111,"396 - ANEXOS -  Reestruturação do plano de cargos carreira e remuneração , cria e redenomina cargos AVAREPREV"
112,395 - alteração do anexo III da lei complementar 126-2025
113,392 - alteração lei complementar 366-2025
114,"396 - reestrutura plano de cargos carreira e remuneração , cria e redenomina cargos - AVAREPREV"
115,389 - alteração do caput do artigo da lei complementar 313 - gratificação auxiliar contábil
116,3358 - abertura de crédito especial 100.000 - SEMADS
117,"390 - estruturação , composição Comite investimentos AVAREPREV"
118,3359 - abertura de crédito especial CAMARA 42.000
119,388 - dispõe sobre ITBI
120,3357 - dispõe sobre abertura de crédito adicional especial planejamento e obras 500.000
121,3354 - estima receita e fixa despesa para o exercício de 2026
122,3355 - autoriza procuradoria geral não ajuizar ações de pequeno valor
123,386 - dispõe sobre alteração dos dispositivos da lei complementar 276-2022 - AVAREPREV
124,3356 - dispõe sobre instituição e política de justiça restaurativa
125,387 - dispõe sobre alteração do parágrafo 2 do artigo 108 da lei complementar 150 - conselheiros tutelares
126,3353 - institui Semana de conscientização não te julgo - te ajudo
127,3350 - institui política de diagnóstico tardio transtorno espectro autista TEA
128,3347 - abertura de crédito adicional especial 59.826 - agricultura
129,3351 - institui política de valorização e promoção da capoeira
130,3348 - abertura de crédito adicional especial 5.531 - agricultura
131,3352 - institui dia do plantio nas escolas
132,3349 - institui política de prevenção e enfrentamento atentados violentos escolas municipais
133,3345 - abertura de crédito adicional especial 76.734 - saude
134,3342 - abertura de crédito adicional especial 12.563 - saude
135,3346 - abertura de crédito adicional especial 11.400 - semads
136,3339 - prorrogação vigência plano municipal de educação - lei 1921-2015
137,3343 - abertura de crédito suplementar 3.188.814 educação
138,3340 - abertura de crédito adicional especial 300.00 semads
139,3344 - abertura de crédito adicional especial 1.118.743 - saude
140,3341 - altera redação do artigo 2 e 4 da lei 929-2007 - fundeb
141,3336 - abertura de crédito adicional suplementar - 290.508 - educação
142,3337 - abertura de crédito adicional suplementar - 185.000 - FREA
143,3334 - abertura de crédito adicional especial 45.562 - transportes
144,3338 - abertura de crédito adicional especial - 4.050.000 - Saúde
145,3335 - autoriza poder executivo efetuar adiantamento Comissão de Apoio Delegações Esportivas 87 Jogos Abertos
146,3332 - Autoriza doar bem imóvel - SENAR
147,3329 - Proibição da produção de Spathodea
148,3333 - Alteração da Lei 2312 de 2029
149,3330 - Institui Programa Cultura nos bairros
150,385 - Redenomina guarda civil para guarda civil de vigilância
151,3331 - Institui Fundo de proteção e defesa civil - FUMDEC
152,3328 - Institui Programa Empresa Amiga da Escola
153,3327 - Revogação da Lei 2435-2021 - que limita consultas
154,3324 - Autoriza parcerias adoção de espaços públicos
155,3321 - Dispõe sobre abertura crédito adicional - 67.282 - saúde
156,"3325 - Institui Junho Violeta concientização , enfrentamento e prevenção da violência contra pessoa idosa"
157,3322 - Institui Orçamento Cidadão
158,3326 - Institui Semana e dia Pessoa Idosa
159,3323 - Institui Programa Adote Muro da Escola Pública
160,3316 - Altera artigo 7 da Lei 2152-2017 que estabelece diretrizes realização de eventos esportivos
161,3320 - Institui e inclui Calendário - dia de prevenção da asfixia perinatal - setembro verde esperança
162,3313 - Dispõe sobre regularização de construções e dá prazo para concessão
163,3317 - Dispõe sobre prevenção combate e punição sexualização e adultização de crianças
164,3314 - Dispõe sobre abertura crédito adicional suplementar - saude 98.512
165,3318 - Dispõe proibição da utilização de recursos públicos e de espaçoes municipais  - apologia ao crime
166,3315 - Dispõe sobre abertura crédito adicional especial - saude 13.676
167,3319 - Institui o programa TRANSFORMARTE oficinas culturais
168,3312 - Dispõe sobre concessão de uso ao Núcleo de Criadores de Nelore de Avaré e Região
169,3308 - Institui Semana da Orientação profissional para o primeiro emprego escolas públicas municipais
170,3309 - Institui Semana da Música e da Cultura Caipira em homenagem Sr CArlos Domingos Alonso
171,384 - Revoga Lei 153-2011 - redenomina guarda civil
172,3310 - Institui Projeto Banco Vermelho que visa conscientizar contra violência doméstica familiar
173,3307 - Institui Programa Pedagógico visita ao gabinete do prefeito
174,3311 - Autoriza o Executivo a efetuar adiantamento de recursos financeiros destinados a realização 42 FAMPOP
175,3302 - Dispõe sobre garantia de acessibilidade comunicativa a mulher com deficiência vítima de violência doméstica e familiar
176,3306 - Institui Política de prevenção À ciberpedofilia
177,3303 - Institui o Dia Municipal da Equoterapia no calendário oficial
178,3304 - Dispõe sobre implantação de sistema de monitoramento por câmeras nas creches
179,3305 - Institui Políticas Púbicas para o combate a alienação parental - 25 de abril
180,382 - Dispõe sobre alteração da LC 370-2025 FMSAI - fundo municipal saneamento ambiental
181,3296 - Cria o Programa Móveis para Recomeçar
182,3300 - Dispõe sobre abertura de crédito adicional especial - GAbinete
183,383 - Autoriza FREA conceder revisão geral anual 5 por cento
184,3297 - Autoriza Poder Executivo realizar doação de imóvel para o Estado através da PM
185,3301 - Inclui área objeto da matrícula 94055 CRI no perímetro urbano
186,3294 - Institui o cadastro municipal de professores com deficiência
187,3298 - Dispõe sobre abertura de crédito especial 200.000 saude
188,381 - Dispõe sobre revogação da LC 115-2010 e Cria Guarda Civil
189,3295 - Dispõe sobre o Plano Plurianual de Ação Governamental PPAG 2026-2029
190,3299 - Dispõe sobre abertura de crédito especial 223.275 semads
191,3293 - Abertura de Crédito adicional especial - secretaria saúde 600.000
192,379 - Autoriza Poder Executivo conceder revisão geral de vencimentos dos servidores e empregados públicos
193,"3291 - Institui Programa Escola Segura , divulgação em escolas tecnicas de primeiros socorros prevenção a incêndios e controle de pÂnico"
194,380 - Dispõe sobre alteração da Lei Complementar 225-2016 - código tributário
195,3292 - Autoriza Poder Executivo doar área de propriedade municipal ao Fundo de Arrendamento Residencial FAR representado pela Caixa CEF - minha casa minha vida
196,3287 - Dispõe sobre medidas de incentivo à doação voluntária de sangue
197,3288 - Dispõe sobre instituição da Campanha eu freio para os animais
198,"3289 - Dispõe sobre abertura de crédito adicional - Planejamento e Obras 750,00"
199,3290 - Dispõe sobre abertura de crédito suplementar FREA 418.860
200,3277 - Alteração da Lei 2722 de 30 de agosto de 2022 - Soupleliss Cosméticos
201,3278 - Alteração da Lei 2654 de 16 de maio de 2022 - SANGIÁCOMO MATERIAIS DE CONSTRUÇÃO LTDA
202,3281 - Dispõe sobre a garantia prioridade programas habitacionais
203,3285 - Dispõe sobre abertura de Crédito Adicional - SEMADS 65.634
204,3282 - Inclui no calendário - Dia Enfermeira Márcia - Feminicídio
205,3286 - Dispõe sobre abertura de Crédito Adicional - SEMADS 78.000
206,3283 - Dispõe sobre abertura de Crédito Adicional - Educação 850.846
207,378 - Concessão de isenção de taxa de alvará templos religiosos
208,3284 - Dispõe sobre abertura de Crédito Adicional - SEMADS 11.610
209,3279 - Alteração da Lei 2142 de 03 de outubro de 2017 - Convênio Operação Delegada
210,3280 - Alteração da Lei 1407 de 31 de agosto de 2010 - Companhia da Policia Militar
211,3276 - Concessão de uso - Associação Motociclistas Insanos Mot Clube
212,377 - Alteração da Lei Complementar 229 de 03 de outubro de 2017 - Fundo Municipal Corpo de Bombeiros
213,3275 - Cria Dossiê Mulher Avareense
214,3274 - Evento anual Festival Natureza
215,3273 - Abertura de Crédito Adicional Saude 1.500.000 - assinada
216,3270 - Abertura de Crédito Adicional Fundo municipal Saúde 84.069 - assinada
217,3267 - Dispõe sobre divulgação despesas eventos artísticos e culturais - assinado
218,3271 - Abertura de Crédito Adicional SEMADS 283.246 - assinada
219,3268 - Institui no calendário Oficial Semana Municipal Conscientização Autismo - assinado
220,3272 - Abertura de Crédito Adicional SEMADS 65.298 - assinada
221,3269 - Dispõe sobre alteração da §1 do art. 1º da Lei 3233-2025 - assinada
222,375 - Dispõe sobre a alteração do anexo I da LC 126 - Psicologo
223,3265 - Dispõe sobre a revogação da Lei 1794 de maio de 2014 - doação de área Paula Souza
224,376 - Dispõe sobre a alteração do anexo I da LC 126 - Técnico de Manutenção em Equipamento de informática
225,3266 - Abertura de Crédito Adicional Especial - SEMADS
226,374 - Dispõe sobre a alteração do anexo I da LC 126 - Controle Interno
227,3262 - Abertura de crédito adicional especial 5.188 - semads
228,3263 - Abertura de crédito adicional especial 2.309 - semads
229,3264 - Abertura de crédito adicional especial 16.915 - semads
230,3261 - Institui Loteria Municipal
231,3258 - Dispõe sobre a REVOGAÇÃO da Lei nº 2.768 de 24 de novembro de 2022
232,3259 - Dispõe sobre a distribuição da alementação escolar para alunos da Rede Municipal
233,"3260 - Altera o artigo 135, da Lei nº 315, de 23 de maio de 1995, disciplinando as consignações facultativas em folha de pagamento"
234,3253 - Dispõe sobre obrigatoriedade de participação da OAB em concursos públicos
235,3257 - Abertura de Crédito Adicional  anulação 180 reais - semads
236,3254 - Altera o parágrafo 2º do artigo 3 da lei 1812 de 2014
237,373 - Dispõe sobre a alteração da LC 364 - prorrogação REFIS
238,3255 - Concessão de uso Associação Paulista de Equoterapia
239,3252 - Institui Programa Adote um ponto de ônibus
240,3256 - Abertura de Crédito Adicional 200.000 - Saúde
241,"3250 - Dispõe sobre abertura de crédito adicional especial 1.739.785,54 - educação"
242,3247 - Dispõe sobre as diretrizes orçamentárias do município para elaboração da LOA 2026
243,"3251 - Dispõe sobre abertura de crédito adicional especial 66,72 - cultura"
244,3248 - Autoriza o Município a celebrar convênio operacionalização de cartão de crédito consignado
245,372 - Dispõe sobre alterações dos incisos I e II do artigo 8° da lei complementar 260 de 2021 - plano diretor
246,"3249 - Abertura de crédito adicional especial 2.646.000,00 Secretaria da Educação Merenda"
247,3246 - Dispõe sobre a garantia do direito ao acesso pleno à informação aos deficientes visuais - pracegover
248,3244 - Dispõe sobre alteração da lei 3207 de 2025 - associação nacional do cavalo de rédeas ANCR
249,3241 - Dispõe sobre alteração da lei 134 de 19 de setembro de 2001
250,3245 - Dispõe sobre abertura de crédito adicional suplementar 3.776.334 - secretaria da educação
251,3242 - Dispõe sobre abertura de crédito adicional suplementar fundo municipal da saude - 611.557
252,3239 - Dispõe sobre a vacinação domiciliar das pessoas com autismo
253,3243 - Dispõe sobre abertura de crédito adicional suplementar - planejamento e obras - 4.924
254,3240 - Institui o Dia do Motociclista
255,3237 - Dispõe sobre abertura de crédito suplementar - Fundo Saúde
256,3238 - Dispõe sobre abertura de crédito adicional especial - Fundo Saúde
257,371 - Dispõe sobre a concessão de isenção fiscal para empresa HANNA ENGENHARIA E CONSTRUÇÃO
258,3236 - Dispõe sobre concessão de uso AMAGOLF
259,3233 - Dispõe sobre gratuidade de ingressos ou inscrições para pessoas idosas e com deficiência em eventos
260,3234 - Institui Semana Municipal Djanira
261,3235 - Dispõe sobre abertura de crédito adicional 269.300 - Fundo Saúde
262,3232 - Dispõe sobre a disponibilização de fone antirruído às pessoas TEA em órgãos públicos
263,3231 - Autoriza desembolsar valores para custeio da delegação avareense dos 67º Jogos Regionais 2025 – Sede Itapetininga
264,3230 -Institui o dia municípal do Flash Back
265,"3229 - Crédito Adicional 44.001,10"
266,"3228 - Crédito Adicional 583.672,67"
267,3225 - Institui Semana da Juventude - 12 de agosto
268,3226 - Crédito Adicional 5.598
269,3227 - Crédito Adicional 90.000
270,3222 - Institui o documento de identificação Pessoa com Câncer DIPC
271,3223 - Institui Campanha Abril Laranja - Contra o Abuso Animal
272,3224 - Institui Política de Conscientização e Atenção à Saúde das Mulheres no Cimatério e Menopausa
273,3221 - Cria Cartilha de Proteção e bem estar animal
274,3213 - Dispõe sobre Alteração do art. 3 da Lei 2774 de 2022
275,3210 - Reorganiza e reestrutura Conselho do Turismo COMTUR
276,3214 - Abre crédito adicional especial 26.057 - SEMADS
277,3211 - Institui Semana Escolar de Combate a Violência Contra a Mulher
278,3215 - Estabelece índice revisão geral anual  servidores da Camara de vereadores
279,3212 - Institui Dia de Concientização sobre experiências Adversas na Infância
280,370 - Acrescenta parágrafos 5 e 6 no artigo 3 da Lei 263-2021
281,3206 - Associação dos Muladeiros de Avaré  - AMA
282,8285 - Abertura de Crédito Adicional 50.000
283,3207 - Concessão Associação Nacional do Cavalo de Rédeas ANCR
284,3204 - Institui Programa dos Idosos Desaparecidos
285,3208 - Abertura de Crédito Adicional 15.427
286,3205 - Núcleo de Criadores de Nelore de Avaré
287,3209 - Abertura de Crédito Adicional 50.000
288,8284 - Abertura de Crédito Adicional 15.427
289,3201 - Dispõe sobre instalação e utilização de biodigestores em unidades escolares no município da Estância Turística de Avaré
290,3202 - Garante o direito de prioridade de matrícula de irmãos na mesma unidade escolar
291,3203 - Altera o artigo 10 da lei 1.283 - institui o Regime de Adiantamento
292,3195 - Politica de Monitorização de alunos com diabetes
293,3196 - Institui Programa Banca do Esporte
294,3197 - Abertura de Crédito Adicional 1.372
295,3194 - Crédito Adicional Suplementar 3.772.133 - Educação
296,3191 - Crédito Adicional Especial 34.720
297,3192 - Crédito Adicional Especial 2.117
298,3193 - Altera Lei 2207-2018 - Conselho Saneamento Básico
299,3190 - Programa Autista no Esporte
300,3189 - Comemoração da Fundação do Pelotão da Cavalaria de Avaré
301,3186 - Programa Roda de Conversas - Doenças Mentais
302,3187 - Turismo Pedagógico
303,3188 - Responsabilidade Condomínios comunicarem ocorrência de violência doméstica
304,3179 - Crédito Adicional 10.866
305,3172 - Crédito Adicional 1.220.822
306,3165 - Crédito Adicional 229
307,3158 - Crédito Adicional 9.259
308,3183 - Crédito Adicional 1.000.000
309,3176 - Crédito Adicional 6.031.645
310,3169 - Crédito Adicional 9.393
311,3162 - Crédito Adicional 89.174
312,368 - Cria vagas -  Chefe de Planejamento e Gestão de Gabinete
313,3180 - Crédito Adicional 19.560
314,3173 - Crédito Adicional 1.017
315,3166 - Crédito Adicional 813
316,3159 - Crédito Adicional 8.988
317,365 - Reduz gratificação Auxiliar de Procuradoria
318,3184 - Crédito Adicional 2.147.000
319,3177 - Crédito Adicional 301.317
320,3170 - Crédito Adicional 12.392
321,3163 - Crédito Adicional 74.857
322,369 - Cria vagas -  Assessor Gestão Administrativa
323,3181 - Crédito Adicional 194.137
324,3174 - Crédito Adicional 3.874.835
325,3167 - Crédito Adicional 4.269
326,3160 - Crédito Adicional 32.006
327,367 - Cria vagas -  Coord. Tec. Adm. Divisão Expediente Secretaria de Gabinete - Assessor Saúde
328,3185 - Crédito Adicional 2.600.000
329,3178 - Crédito Adicional 451.084
330,3171 - Crédito Adicional 30.774
331,3164 - Crédito Adicional 45.650
332,3157 - Crédito Adicional 553
333,3182 - Crédito Adicional 48.103
334,3175 - Crédito Adicional 6.864.942
335,"3168 - Crédito Adicional 6,46"
336,3161 - Crédito Adicional 35.146
337,366 - Cria vagas -  Chefe de planejamento e politicas públicas
338,364 - REFIS 2025
339,3155 - Crédito Adicional 1.805.708
340,3152 - Instalação de dispositivo QR CODE escolas
341,3156 - Crédito Adicional 2.098.732
342,3153 - Crédito Adicional 346.978
343,3154 - Crédito Adicional 369.383
344,3151 - Denomina logradouro - Margareth da Conceição de Oliveira JUbert - assinada
345,362 - ANEXOS Altera anexo III da Lei complementar 126-2010 - Função Gratificada DECON
346,3149 - Altera artigos da Lei DEMUTRAN - assinada
347,362 - Altera anexo III da Lei complementar 126-2010 - Função Gratificada DECON - assinada
348,3150 - Institui o Dia da Conscientização Alzaimer - Eu não te conheço - assinada
349,363 - Altera artigo 11 da da Lei Complementar 216-2016 - Adcional de substituição professor adjunto e monitor - educação - assinada
350,355- Criação da Secretaria Municipal da Proteção e do Bem estar Animal
351,342 - Salario Minimo
352,349- criação da Secretaria Municipal de Segurança Pública
353,3147 -abertura de Crédito
354,358- criação Scretaria de Inclusão e Transtorno
355,"345 -alteração o § único, do artigo 1º, da Lei Complementar nº 304"
356,354- criação da Secretaria Municipal de Chefia de Gabinete do Executivo
357,"361- alteração do anexo II – Lei Complementar 251, de 11 de maio de 2020, alterada através da Lei Complementar 332, de 26 de fevereiro de 2024 e da Lei Complementar nº334"
358,348- extinção dos cargos
359,3148 -abertura de Crédito
360,357- alteração da Lei Complementar nº 277 e do anexo III
361,344 - alteração do anexo III – Quadro de Pessoal – Cargos em Comissão – Lei Complementar 126
362,351- criação da Secretaria Municipal de inovação e tecnologia
363,353- criação da Secretaria Municipal de Fiscalização de Postura Municipais
364,"360- alteração do anexo III – Quadro de Pessoal – Cargos em Comissão – Lei Complementar 126, de 02 de junho de 2010, alterada através da LC 292, de 22 de julho de 2022"
365,"347- alteração do anexo II– Lei Complementar 251, de 11 de maio de 2020"
366,356- Criação da Secretaria Municipal da Juventude
367,343 - Sec ind. e com
368,350- criação da Secretaria Municipal de Relações Pública
369,352- criação da Secretaria Municipal de Gestão Pública
370,359- Secretaria Municipal de Transportes e Serviços
371,"346- alteração do anexo I, da Lei Complementar nº 126, de 02 de junho de 2010, alterada através da Lei Complementar 329, de 06 de dezembro de 2023"
372,341 - Disciplina a cessão e recebimento de servidor público
373,3146 - Revoga Lei 2593 - exames toxicológicos
374,3145 - Institui o Dia do Rio Paranapanema
375,"3142 -  Crédito adicional especial -96.622,71 - educação"
376,"3141 -  Crédito adicional suplementar -18.670,01 - planejamento"
377,"3144 -  Crédito adicional especial -130.039,57 - educação"
378,"3140 -  Crédito adicional suplementar -18.670,01 - planejamento"
379,"3143 -  Crédito adicional especial -40.550,62 - educação"
380,3139 - CÂMARA -  Dia do Campista Caravanista
381,3138 - CÂMARA - autorização para criação de vagas de embarque e desembarque motoristas de aplicativo
382,3137 - CÂMARA - Institui o programa cuidando de quem cuida
383,"3132 -  Crédito adicional suplementar - 23.758,71"
384,"3135 -  Crédito adicional suplementar -3.302.159,90 - educação"
385,"3131 -  Crédito adicional especial - 50.000,00"
386,"3134 -  Crédito adicional suplementar -301.784,27 - meio ambiente"
387,"3133 -  Crédito adicional suplementar - 242.839,06 - planejamento"
388,"3136 -  Crédito adicional especial -414.736,71 - educação"
389,3130 -  Institui o Dia do Colaboarador da Industria de Confecçao
390,3129 -  Revogação da Lei 3048 de 2024 - dia do profissional da industria textil
391,3128 -  autoriza desembolsar valores delegação avareense dos 86º jogos abertos 2024 - são jose do rio preto
392,3127 -  Estima a receita fixa e despesa do municipio 2025
393,340 - Estabelece novo valor ao vale alimentação  - 1º de janeiro de 2025
394,3126 - CÂMARA - Garante a emissão de certidão negativa de fornecimento de medicamento ou tratamento médico aos usuáios da Rede Publica de Sáude
395,"3125 -  Crédito adicional especial - 528.596,37 - planejamento"
396,"3124 -  Crédito adicional especial - 62.564,77 - saúde"
397,339 -Institui o Programa de Recuperação Fiscal - REFIS
398,3123 -  Cria o centro de referencia de atendimento a mulher no municipio de avare - CRAM
399,338 -Alteração de dispositivo da lei complementar 216 2016 - educação
400,"3121 -  Crédito Adicional Especial - 46.561,17 - educação"
401,337 -Alteração de dispositivo da lei 2007 2016
402,"3122 -  Crédito Adicional Suplementar - 3.075.496,44 - educação"
403,336 - Normas e diretrizes gerais a realizaçao de concursos publicos no ambito da administração publica municipal
404,3120 - CÂMARA - institui a Politica Municipal de Proteção dos Direitos da Pessoa com Fibromialgia (2)
405,"3116 -  Crédito Adicional Especial - 2.501,59 - semads"
406,3119 - CÂMARA - cria estatuto da pessoa com transtorno do espectro autista - TEA
407,"3115 -  Crédito Adicional Especial - 52.529,53 - semads"
408,3118  - CÂMARA - garante vagas em CEIs proximos à residencia menores de 04 anos
409,"3117 -  Crédito Adicional Especial - 465.580,83 - educação"
410,3114 - CÂMARA - proibe a comercialização e instalaçaõ de equipamento pra motocicletas  com ruídos acima do limite
411,3113 - CÂMARA - obrigatoriedade de aplicaçao do questionario m-chat para rastreametneo precoce de autismo
412,3112 - CÂMARA - autoriza a criação do centro especializado de pessoas com transtorno do espectro autista
413,3111 - CÂMARA - criaçao do conselho muncipal do bem-estar dos animais e do fundo de proteçao e bem-estra animal
414,3109 - Dispõe sobre a divulgação de informações relativas a contratos de locação de imóveis pela administração publica
415,3108 - CÂMARA -  dispoe sobre proibição de manter animais domesticos acorrentados e em espaços confinados
416,3110 - CÂMARA - institui a campanha escolar de conscientização contra fake news nas escolas da rede publica
417,3106 - CÃMARA  - institui programa de cuidado dos profissionais da educaçaço
418,3107 - CÂMARA - autoriza a criação do centro municipal de equoterapia
419,3105 - CÂMARA - programa educaçao animal na escola
420,3104 - CÂMARA - institui politica municipal de incentivo e fomento às rodas culturais de Batalha de Rimas
421,3103 - CÂMARA - criar espaço Sala do Afeto - Calm Zone - destinado a autitas
422,3100 -  Institui Programa Municipal de Transporte Escolar Publico
423,"3102 -  Crédito Adicional Suplementar - 2.012.825,00 - saude"
424,"3101 -  Crédito Adicional Suplementar - 100.000,00 - planejamento"
425,"3097 -  Crédito adicional especial - R$ 127.889,10 - semads"
426,"3096 -  Crédito adicional suplementar - R$ 262.324,16 - educação"
427,"3099 -  Crédito adicional esoecial - R$ 400.000,00 - semads"
428,"3095 -  Crédito adicional especial - R$ 30.979,39 - semads"
429,"3098 -  Crédito adicional suplementar - R$ 259.583,33"
430,335 - Altera a redação do artigo 113 da LC 150  - composição dos conselhos tutelares
431,3094 - CÂMARA - obrigatoriedade de assentos em farmacia
432,"3093 -  Crédito adicional especial - R$ 15.000,00  - semads"
433,"3092 -  Crédito adicional especial - R$ 1.275.000,00  - saúde"
434,"3091 -  Crédito adicional especial - R$ 182.860,00  - planejamento"
435,3088 - CÂMARA - publicação da relação dos funcionarios de plantão no conselho tutelar
436,3087 - CÂMARA - Programa Meu Corpo Não é Coletivo
437,3090 - CÂMARA - dia do enxadrista
438,3089 - CÂMARA - dia municipal do Rotary Club
439,"3086 -  Crédito adicional especial - R$ 100.000,00 - semads"
440,"3082 -  Crédito adicional especial - R$ 9.264,93 - semades"
441,"3085 -  Crédito adicional especial - R$ 60.000,00 - semads"
442,"3084 -  Crédito adicional especial - R$ 300.000,00 - semads"
443,"3083 -  Crédito adicional suplementarl - R$ 182.860,00 - planejamento"
444,3081 - CÂMARA - criação da Semana do Cuidar
445,"3079 -  Crédito adicional especial - R$ 32.188,61 - educação"
446,"3078 -  Crédito adicional especial - R$ 2.921.646,02 - saúde"
447,"3078 -  Crédito adicional especial - R$ 2.921.646,02 - saúde"
448,3077 -  Diretrizes Orçamentárias Municipio  - LDO 2025
449,"3080-  Crédito adicional especial - R$ 116.996,39 - educação"
450,3075 - CÃMARA - plataforma digital informativa das obras publicas
451,3076 - CÂMARA - inserção de mensagem informativa na contracapa do iptu sobre isencão
452,3071 - CÂMARA - Implantação do programa integrado de sáude e higiente nas escolas municipais
453,3074 - CÂMARA - revoga Lei 2411 de 2020
454,3073 - CÃMARA - institui nas maternidades e estabelecimantos hospitalares - libra
455,3072 - CÃMARA - dia municipal do outdoor
456,3067 -  Reorgania e reestrutura o conselho municipal de turismo - COMTUR - revoga lei 1275
457,3068 -  Autoriza desembolsar valores para custeio da delegação avareense dos 66º jogos regionais 2024 - sede itapetininga
458,3070 - CÂMARA - campanha cartela amiga
459,3069 - CÂMARA - Programa emprego 60+
460,3066 - CÂMARA -
461,"3063 -  Crédito adicional especial - R$132.475,20 - planejamento"
462,"3062 -  Crédito adicional especial - R$35.512,81 - cultura"
463,"3065 -  Crédito adicional especial - R$30.760,33 - sec mulher"
464,"3061 -  Crédito adicional especial - R$13.000,00 - turismo"
465,"3064 -  Crédito adicional especial - R$140.000,00 - meio ambiente"
466,3060 - CÂMARA
467,3057 - CÂMARA
468,3056 - CÂMARA
469,3059 - CÂMARA
470,3058 - CÂMARA
471,"3055 -  Fixação de subsídio de prefeito, vice-prefeito, secretarios e chefe de gabinete"
472,"3054 -  Crédito adicional especial - R$25.000,00 - agricultura"
473,"3050 -  Crédito adicional especial - R$ 1.971.654,48 - saúde"
474,"3053 -  Crédito adicional especial - R$ 26.454,35 - semads"
475,"3052 -  Crédito adicional especial - R$ 506.610,40 - cultura"
476,"3051 -  Crédito adicional suplementar - R$ 3.433.077,29 - saúde"
477,3048 -  Dia do Profissional da Indústria Textil
478,3049 - CÂMARA - Dia Municipal dos Veteranos das Forças de Segurança
479,"3046 -  Crédito adicional suplementar - R$ 8.452,29 - educação"
480,"3045 -  Crédito adicional especial - R$168.677,75 - saúde"
481,"3044 -  Crédito adicional especial - R$ 117.929,64 - saúde"
482,"3047 -  Crédito adicional especial - R$ 538.914,22 - saúde"
483,"3043 -  Crédito adicional especial - R$ 438.955,10 - educação"
484,"3042 -  Crédito adicinal especial - R$ 4.737,86 - planejamento"
485,3041-  Alteração do art. 1º da lei 2738 - sitio sta barbara
486,3040 - CÂMARA -
487,"3039 -  Crédito adicinal especial - R$ 1.514.568,00 - saude"
488,3038 - CÂMARA -
489,3037 -  Revogação da Lei 2329  que autoriza desafetar áreas de terras à Associação Amigo Solidário
490,3036 - CÂMARA - Revogação da Lei 2.958 - que reconhecia ADI como professor
491,"3029 -  Crédito adicinal especial - R$ 110.255,90 - educação"
492,3025 -  Institui a Politica Municipal pela Primeira Infancia
493,"3032 -  Crédito adicinal especial - R$ 1.384.780,00 - planejamento"
494,"3028 -  Crédito adicinal suplementar - R$ 6.750,58 - educação"
495,"3035 -  Crédito adicinal suplementar - R$ 89.678,05 - semads"
496,334 - Cria cargo - Chefe de Departamento - Educação
497,"3031 -  Crédito adicinal especial - R$ 300.000,00 - planejamento"
498,"3027 -  Crédito adicinal especial - R$ 5.390,32 - Semads"
499,"3034 -  Crédito adicinal especial - R$ 841.847,31 - educação"
500,"3030 -  Crédito adicinal especial - R$ 432,28 - agricultura"
501,"3026 -  Crédito adicinal especial - R$ 1.637,33 - Semads"
502,"3033 -  Crédito adicinal especial - R$ 1.655.531,32 - serviços"
503,"3023 -  Crédito Adicional Especial -392,39 - semads"
504,"3019 -  Crédito Adicional Especial -1262,45 - semads"
505,"3015 -  Crédito Adicional Especial - 2.174,36 - planejamento"
506,"3022 -  Crédito Adicional Especial -156.796,19 - semads"
507,"3018 -  Crédito Adicional Especial - 939,80 - semads"
508,3014 -  Inclui área da matricula 88222 no perímetro urbano
509,"3021 -  Crédito Adicional Especial -146,88 - semads"
510,"3017 -  Crédito Adicional Especial - 20.087,46 - semads"
511,"3024 -  Crédito Adicional Especial -60.000,00 - turismo"
512,"3020 -  Crédito Adicional Especial -156.796,19 - semads"
513,3013 - CÂMARA
514,"3016 -  Crédito Adicional Especial - 27.128,82 - semads"
515,3012 - CÂMARA
516,"2996 -  Crédito Adicional Especial - 2.265.795,15 - fumboar"
517,"3003 -  Crédito Adicional Especial -9.148,70 - semads"
518,"3010 -  Crédito Adicional Especial -50.369,34 - saúde"
519,"2999 -  Crédito Adicional Especial - 500.759,86 - semads"
520,"3006 -  Crédito Adicional Especial -34.123,80 - semads"
521,"3002 -  Crédito Adicional Especial -114.289,99 - semads"
522,"3009 -  Crédito Adicional Especial -20.682.628,68 - saúde"
523,"2998 -  Crédito Adicional Especial - 56.177,95 -assuntos juridicos"
524,"3005 -  Crédito Adicional Especial -1.533.394,44 - semads"
525,"3001 -  Crédito Adicional Especial -137.641,80 - semads"
526,"3008 -  Crédito Adicional Especial -166.936,70 - semads"
527,"2997 -  Crédito Adicional Especial - 1.522.890,50 - meio ambiente"
528,"3004 -  Crédito Adicional Especial -942,22 - semads"
529,"3011 -  Crédito Adicional Especial -10.210.765,59 - saúde"
530,"3000 -  Crédito Adicional Especial - 512,73 - semads"
531,"3007 -  Crédito Adicional Especial -69.526,96 - semads"
532,333 - Cria cargo - Vice Diretor e Coordenador Pedagógico
533,332 - Alteração da Lei Complementar 251 - FG Chefe
534,2986 - CÂMARA
535,2993 - CÂMARA
536,2982 - CÂMARA
537,2989 - CÂMARA
538,2985 - CÂMARA
539,2992 - CÂMARA
540,2988 - CÂMARA
541,2995 - CÂMARA
542,2984 - CÂMARA
543,2991 - CÂMARA
544,2987 - CÂMARA
545,2994 - CÂMARA
546,2983 - CÂMARA
547,2990 - CÂMARA
548,2968 - CAMARA
549,2975 - CÂMARA
550,2971 - CÂMARA
551,2978 - CÂMARA
552,2974 - CÂMARA
553,2981 - CÂMARA
554,2970 - CÂMARA
555,2977 - CÂMARA
556,2973 - CÂMARA
557,2980 - CÂMARA
558,2969 - CÂMARA
559,2976 - CÂMARA
560,2972 - CÂMARA
561,2979 - CÂMARA
562,"331 - Novo valor Vale Alimentação - 600,00"
563,2966 - Direito Real de uso de terras à ACSPMESP
564,Lei 2964
565,2967 - Altera a Lei 2767.2022 ANCR
566,Lei 2965
567,Lei 2963
568,2956 - Autoriza a concessão de direito real de uso de bem imovel - Mikirela
569,2959 - CAMARA
570,2962 - CAMARA
571,2958 - CAMARA
572,2961 - CAMARA
573,2957 - CAMARA
574,"2954 - Crédito adicional suplementar  16.412,24 - planejamento"
575,2960 - CAMARA
576,327 - Alteração da Lei Complementar 298 de 2022 - função gratificada Controlador Adjunto
577,330 - Criação do cargo de Psicologo Escolar e Assistente Social Escolar
578,329 - Alteração da Lei Complementar 251 de 2020 -  função gratificada chefe de departamento
579,328 - Alteração da Lei Complementar 245 de 2019  e 289 de  2022- função gratificada auxiliar de procuradoria
580,2955 - Revogação do inc V do art 104 da Lei 315 1995 - licença premio
581,2948 - Mesa Diretora -  Altera o quadro III Das Funções Especiais da Lei 1812
582,2953 - CAMARA
583,2948 - Institui o Plano Diretor do Turismo
584,2952 - CAMARA
585,2947 -  Estima a receita e fixa a despesa do municipio em 2024
586,2951 - CAMARA
587,325 - Altera a LC 213 de 2016 - 160 metros
588,2949 - Ratifica o protocolo de intenções e autoriza o ingresso no Consorcio Polo Cuesta
589,2950 - CÂMARA
590,"2945 -  Crédito Adicional Especial - 19.459,63 semads"
591,"2946 -  Crédito Adicional Especial - 10.431,33 semads"
592,2944 - CAMARA - Programa cidade amiga do idoso
593,2943 - CAMARA - implementação do sistema ABA para crianças com TEA
594,"2942 -  Crédito Adicional Especial - 392.005,54 - Educação"
595,"2941 -  Crédito Adicional Suplementar - 43.416,55 - planejamento"
596,2940 - Institui o Programa Mulher Empreendedora e o Projeto Lidera Mulher
597,2936 - CAMARA - Programa Violencia Zero nas Escolas
598,2932 - CAMARA - Substituição dos sinais sonoros - TEA
599,2939 - CAMARA - areas escolares de segurança
600,2935 - CAMARA - Junho Laranja  - Leucemia
601,2931 - CAMARA - Campanha Ponto Violeta
602,2938 - CAMARA - Programa Vencendo Barreirias
603,2934 - CAMARA - Pagamento de boleto iptu em braile
604,2937 - CAMARA - Programa Aluno Nota Dez
605,2933 - CAMARA - Campanha Agosto Laranja - Esclerose Multipla
606,"2930 -  Dispõe sobre alteração do art 4º da lei 1647 - autoriza 170.000,00 esporte"
607,"324 - Criação de cargo de PEB I, alterando anexo I da LC 216 de 2016"
608,"2929 -  Crédito Adicional Especial - 669.501,50 - saude"
609,"2928 -  Crédito Adicional Especial - 128.627,96 - saude"
610,2925 - Câmara - Proibição de uso floreiras de plasticos nas dependencias do cemitério
611,2924 - Câmara - Programa Henry Borel
612,2927 - Câmara - Alteração do art 1º da Lei 2663
613,2923 - Câmara - Instalação do Botão do Pânico nas escolas publicas
614,2926 - Câmara - divulgação de informações de recursos derivados de multas
615,"2922-  Crédito Adicional Suplementar - 34.944,86 - planejamento"
616,"2921-  Crédito Adicional Suplementar - 5.999,12 - planejamento"
617,2920 - CAMARA  revogação da lei 2777 de 2022 - Programa Legislativo Jovem Profissional
618,323 - Criação de cargo de Assistente Técnico em Psicopedagogia
619,2919 - CAMARA - Institui núcleos permanentes de mediação de conflito escolar e social
620,2919 - Institui núcleos permanentes de mediação de conflito escolar e social
621,"2918 -  Crédito Adicional Especial - 1.212,00 - semads"
622,2915 - CAMARA
623,2914 - CAMARA
624,2917 - CAMARA
625,2913 - CAMARA
626,2916 - CAMARA
627,"2912 - Autoriza concessão de complemento da diferença remuneratorio - Enfermeiros, Tecnicos em enfermagem e auxiliares de enfermagem"
628,322 - Criação de cargo de Técnico em Telecomunicações
629,"2911 -  Crédito Adicional Especial - 24.183,29 - planejamento e obras"
630,"2910 -  Crédito Adicional Especial - 1.393,29 - planejamento e obras"
631,2909 - Revogação da Lei 2523 - Folga de aniversário
632,2908 - Adiantamento para realização dos 85º jogos abertos  do estado de sp - sede são josé rio preto 2023
633,321 - Alteração do quadro de função gratificada - semads
634,"2907 - Crédito adicional especial - turismo - 47.000,00"
635,2906 - inclui área no perímetro urbano - 68 alqueires - Fazenda Onça
636,"2904 - Crédito adicional especial - cultura - 785.356,78"
637,"2905 - Crédito adicional especial - sec mulher - 100.000,00"
638,2903 - CAMARA
639,2899 - CAMARA
640,2902 - CAMARA
641,2898 - CAMARA
642,2901 - CAMARA
643,2900 - CAMARA
644,"2897 - Crédito adicional especial - saúde - 79.123,32"
645,2895 - CAMARA
646,2894 - CAMARA
647,2893 - CAMARA
648,2896 - CAMARA
649,"2891 - Crédito adicional especial - semads - 243,16"
650,2890 - Crédito adicional especial - educação - 31.761.60
651,2889 - Adiatamento de recursos financeiros destinados a realização da 40ª FAMPOP
652,"2892 - Crédito adicional suplementar - educaçao - 1.420.525,00"
653,"2888 - Crédito adicional especial - Educação - 75.918,00 l"
654,"2887 - Crédito adicional suplementar - Diversas Secretarias - 11.154.900,00 - Progressão"
655,2885 - Câmara - Obrigação de divulgação dos nomes de médicos que estão em horário de atendimento nas unidades de saúde do mun
656,2884 - Câmara - Dispõe sobre reconhecimento do direito da pessoa com transtorno de espectro autista - TEA
657,2886 - Câmara - Estabelece validade indeterminada ao Laudo Médico Pericial que ateste o Transtorno do Escpectro Autista - TEA
658,2883 - Revisão Geral Anual e Reajuste Salarial - FREA
659,"2882 - Crédito Adicional especial  - 376.107,78 - Transp e serviços"
660,"2881 - Crédito Adicional suplementar - 700.000,00 - Plan e Obras"
661,320 - Alteração Progressão
662,"2878 - Crédito Adicional Especial - 38.289,70 - Serviços"
663,2877 - Dispõe sobre o procedimento para instalação de infraestrutura de suporte para estação transmissora de Radiocomunicação - ETR
664,"2880 - Crédito Adicional Especial - 1.029.097,85 - Semads"
665,"2879 - Crédito Adicional Especial - 344.128,65 - Serviços"
666,319 - Criação de cargo de Neuropsicólogo
667,315 - Criação de cargo de tecnico em enfermagem do trabalho
668,318 - Criação de cargo de Farmaceutico
669,314 - Alteração do anexo I quadro de pessoal permanente - cria cargo de tecnico em enfermagem
670,317 - Criação de cargo de provimento efetivo na modalidade de educaçao bilingue de surdos - Libras
671,2876 - Alteração do art. 1º da Lei 1824 - COMSEA - Conselho Municipal de Segurança Alimentar e Nutricional
672,316 - Criação de cargo de profissional de apoio escolar
673,"2875 - Crédito adicional suplementar - educação - 1.798.857,27"
674,"2871 - Crédito adicional suplementar - educação - 1.343.809,38"
675,"2874 - Crédito adicional especial - semads - 150.000,00"
676,"2870 - Crédito adicional especial - saúde - 22.971,29"
677,"2873 - Crédito adicional especial - semads - 150.000,00"
678,"2869 - Crédito adicional especial - saúde - 200.000,00"
679,313 - Dispõe sobre a criação da Gratificação por exercício de Responsabilidade Tecnica GRT - cargo contador
680,"2872 - Crédito adicional especial - semads - 50.000,00"
681,"2868 - Crédito adicional especial - semads - 50.000,00"
682,2867 - LDO 2024
683,"2863 - CRED.ADICIONAL ESPECIAL ANULAÇÃO FES-PAB - Saúde - 183.584,00"
684,2864 - EXCESSO ARREC.(SAUDE)-EMENDA INDIVIDUAL
685,2865 - SUPERAVIT FINANC. DEVOLUÇÃO TRANSP.ESTADUAL - EDUCAÇÃO
686,2866 -  SUPERAVIT FINANC. DEVOLUÇÃO DSE MERENDA - EDUCAÇÃO
687,2862 - Dispõe sobre alterações do inciso I e II do art. 1º - Atividade Delegada
688,2861 - Campanha Check up geral nas mulheres
689,2858 - Autoriza as instituições de ensino a contratarem profissionais de segurança especializados
690,312 - Institui o Programa de Recuperação Fiscal - REFIS
691,2857 - Proíbe e criminaliza a promoção de estimulo pornográfico nas escolas municipais
692,"2860 - Crédito Adicional Especial - SEMADS - 30.169,65"
693,"2859 - Crédito Adicional Especial - SEMADS - 27.940,97"
694,"2856 - Crédito Adicional Especial - Saúde - 7.950,24"
695,2855 - 65º Jogos Regionais do Estado de São de 2023
696,"2854 - Crédito Adicional suplementar - educação - 2.606.511,48"
697,"2853 - Crédito Adicional Especial - turismo - 100.000,00"
698,"2852 - Crédito Adicional Especial - Meio Ambiente - 327.980,72"
699,2851 - Revogação da Lei 2510 - capina quimica
700,311 - Criação de cargo de Terapeuta Ocupacional
701,"2848 - Crédito Adicional Especial - Educação - 328.192,68"
702,"2849 - Crédito Adicional Especial -saude - 1.413.114,16"
703,"2846 - Crédito Adicional Especial - Saúde - 2.850,80"
704,2850 - Concessão da GES - gratificação espcial de serviço para atuação na Ação do Cadastro Único
705,"2847 - Crédito Adicional Especial - Saúde - 401.668,88"
706,310 - Revoga Lei Complementar 249 de 2019 - gratificaçao por desempenho Lei Delegada
707,2843 - Criação da Comissão Permanente para Equipe de Apoio das Licitações
708,2845 - Nova redação e inclusão de dispositivo da Lei Municipal 315 de 1995 estatuto
709,"2844 - Crédito Adicional Especial - Agricultura - 30.897,66"
710,"2842 - Crédito Adicional Especial - saúde - 951.335,30"
711,2843 - Criação da Comissão Permanente para Equipe de Apoio das Licitações
712,"2841 - Crédito Adicional Especial - FUNDEB - 397,73"
713,2840 - Câmara - Divulgação da lista de espera para vagas nas escolas municipais
714,308 - Alteração da Lei Complementar 213 de 2016 - Plano Diretor ZM 1 e  ZM2
715,309 - Alteração da Lei Complementar 213 de 2016 - Plano Diretor ZM 3
716,2839 -Inclui área no Perímetro Urbano do Municipio - Fazenda Primavera
717,2837 - Regulamenta Lei Federal 14285 - parcelamento do solo urbano
718,"2836 - Crédito Adicional Especial - educação - 78.070,90"
719,2838 - Cria Gratificação por Desempenho de Atividade Delegada
720,2835 - Alteração do art 11 da LC 298 2022 - designação função gratificada
721,"2834 -Crédito Adicional Especial - 350.392,26 - saúde"
722,307 - Alteração do salário do emprego público de Servente de Limpeza PSF
723,2833 - Alteração do art. 2º da Lei 2532 - concessão empresa Cléia Dalva Pereira Balera-ME
724,306 - Criação de cargo de psicologo e assistente social
725,2829 - Reconhece os rodeios como patrimonio cultural
726,"2830 - Crédito Adicional Especial - planejamento - 743.792,60"
727,305 - alteração do inc I e II do art 8º da LC 260 - cria cmpd
728,"2832 - Crédito Adicional Especial - transportes - 225.264,41"
729,"2831 - Crédito Adicional Especial - saude - 487.080,54"
730,"2819 - Crédito Adicional Especial - semads - 13.602,05"
731,"2826 - Crédito Adicional Especial - transp - 596.841,77"
732,"2815 - Crédito Adicional Especial - 468.483,36"
733,"2822 - Crédito Adicional Especial - semads - 3.251,81"
734,"2811 - Crédito Adicional Especial - semads - 43.744,75"
735,"2818 - Crédito Adicional Especial -52.780,50"
736,"2825 - Crédito Adicional Especial - semads - 56.616,86"
737,2814 - Alteração do inciso I art 2º da Lei 674 2004 - Vila
738,"2821 - Crédito Adicional Especial - semads - 1.288,47"
739,"2828 - Crédito Adicional Especial - saude - 397.860,55"
740,"2810 - Crédito Adicional Especial - semads - 356.726,15"
741,"2817 - Crédito Adicional Especial - 65.919,27"
742,"2824 - Crédito Adicional Especial - semads - 15.734,08"
743,2813 - Autoriza efetuar desafetação e doação - CERIPA
744,"2820 - Crédito Adicional Especial - semads - 6.980,51"
745,"2827 - Crédito Adicional Especial - educ - 476.510,22"
746,"2816 - Crédito Adicional Especial - 133.332,40"
747,"2823 - Crédito Adicional Especial - semads - 500,01"
748,"2812 - Crédito Adicional Especial - semads - 32.923,87"
749,"2808 - Crédito Adicional Especial - fumboar - 3.032.164,78"
750,"2807 - Crédito Adicional Especial - plan. - 1.526,30"
751,"2809 - Crédito Adicional Especial - semads - 3.272,41"
752,"2805 - Crédito Adicional Especial - 300.000,00"
753,"2804 - Crédito Adicional Especial - 20.835,35"
754,304 - alteração da LC 245 de 2019 - cra FG Licitação
755,"2806 - Crédito Adicional Especial - 150.000,00"
756,302 - criação e extinção de cargos Monitor etc
757,"303 - alteração da referencia dos cargos de guarda civil, lavaderia, servente e zelador de 02 para 03, e alteração de auxiliar de SAMU"
758,"2803 - Crédito Adicional Especial - 2.033.613,26 - saude"
759,"2802 - Crédito Adicional Especial - 4.558.016,07 - saude"
760,"2797 - Crédito Adicional Especial - 3.999.689,99 - semads"
761,2800 - Crédito Adicional Especial - 855.23 - semads
762,"2796 - Crédito Adicional Especial - 153.454,95 - educação"
763,"2799 - Crédito Adicional Especial - 465,40 - semads"
764,"2795 - Crédito Adicional Especial - 268.056,60 - SEMADS"
765,"2798 - Crédito Adicional Especial - 12.753,68 - semads"
766,"2801 - Crédito Adicional Especial - 1.818.231,33 - educação"
767,301 - Alteração da LC 276
768,300 - Alteração do anexo II da LC 96 2009 - cargo procurador
769,2794 - Revogação da Lei 33 de 2021 - Av Mario Covas
770,"2792 - Crédito Adicional Espsecial 3.000.000,00 - Planejamento"
771,"2793 - Crédito Adicional Espsecial 2.447.702,81 - Meio Ambiente"
772,2791 - Estabelece o índice para revisão e reajuste da remuneraçao dos servidores da Câmara
773,299 -Novo valor Vale Alimentação
774,298 - Reorganiza o Sistema de Controle Interno da Admção
775,2778 - Institui e estabelece diretrizes para Politica Municipal de Erradicação da Fome e de Promoção da Função Social dos Alimentos - PMEFSA
776,"2781 - Crédito Adicional Especial-saude - 19.761,60"
777,"2784 - Crédito Adicional Suplementar -transporte- 35.000,00"
778,"2780 - Crédito Adicional Suplementar -saude - 713.408,96"
779,"2787 - Crédito Adicional Suplementar - esporte - 9.000,00"
780,"2783 - Crédito Adicional Suplementar - 170.000,00"
781,"2779 - Crédito Adicional Suplementar - Planejamento - 268.723,84"
782,2786 - Autoriza o pagamento de premiações aos vencedores do campeonato SEMEL 2022
783,"2782 - Crédito Adicional Especial -1.826.360,70"
784,"2785 - Crédito Adicional Especial -planejamento - 1.048,39"
785,2777 - Dispõe sobre o Programa Legislativo Jovem Profissional
786,2772 - Estima a receita e fixa despesa do municipio exercício 2023
787,"297 - Criação, alteração da estrutura admva e nomenclatura das Secretarias Municipais"
788,2774 - Autoriza doação de bem imóvel ABOVA
789,2773 - Inclui área no perímetro urbano Fazenda Paraíso
790,2771 - Câmara - Institui meia entrada para profesores em eventos culturais
791,"2776 -Crédito Adicional Suplementar - saúde - 600.000,00"
792,"2775 -Crédito Adicional Especial - educação - 140.051,41"
793,2766 -Institui a politica municipal de combate ao assédio moral
794,"2769 - Crédito Adicional Especial - Semads - 1.287,55"
795,2765 - Regularização da pesca do tucunaré amarelo e azul na represa jurumirim
796,2768 - Autoriza o poder executivo conceder o direito real de uso a Fundação Lanhoso
797,2767 - Autoriza o poder executivo firmar parceria com a Assciação do Cavalo de Rédeas - ANCR
798,"2770 - Crédito Adicional Especial - Saúde - 4.525,60"
799,"2764 -Crédito Adicional Suplementar - Orçamentos Municipalidade - R$ 2.531.820,00"
800,2763 -Institui o Programa Rua do Lazer
801,"2759 - Crédito adicional especial - saúde - 12.888,00"
802,2762 - Autoriza alienação de bem objeto da matricula 48549 chacara pratania para programa habitacional
803,296 - Alteração do §2º do art 9º da LC 216 de 2016 - Zona Rural
804,2761 - Autoriza firmar convênio com o DER SP
805,"2760 - Crédito adicional suplementar - educação - 2.374.000,00"
806,2758 - Câmara - dispõe sobre o recolhimento de cachorras no cio
807,2757 - Câmara - cria o programa de doaçoes de sobra de materiais de construções
808,2756 - Câmara - Institui o uso do cordão de girassol para identificação de pessoas com deficiencia e ou transtornos ocultos
809,2751 - Autoriza a desafetar e efetuar a concessão de direito real de uso  da área de José Eduardo Alves
810,2750 - Autoriza a doação de terra aos munícipes de baixa renda
811,"2749 - Crédito Adicional Especial - SEMADS - 50.000,00"
812,2748 - Autorização para inserção da Semana da Pesca no dia do Trabalhador e Semana Santa
813,2745 - Revoga Lei 677 2000 - doa C. Ferreira da Silva Filho ME
814,"2746 - Crédito Adicional Especial - Planejamento - 2.669,12"
815,"2747 - Crédito Adicional Especial - Planejamento - 18.711,56"
816,2737 - revoga da Lei 2065 de 2016
817,2743 - Desafeta imóvel matricula 85393 - Parque Santa Elizabeth IV
818,"2739 -  Crédito Adicional Suplementar - Sec Adm - 23.521.000,00"
819,2742 - Autoriza a desembolsar valores para custeio da delegação do 84º Jogos Aberto do Interior Horacio Baby Barioni
820,"2741 -Crédito Adicional Especial - SEMADS - 80.000,00"
821,2744 - Altera Lei 2641 2022 - Zeis com 4 pavimentos
822,"2740 -Crédito Adicional Suplementar - FUNDEB - 9.941.784,13"
823,2735 - Autoriza conceder subsídio tarifário à concessionária de serviço de transporte coletivo urbano de passageiros
824,2738 - inclui área no perímetro urbano do municipio - Sítio Santa Barbara
825,2736 - Altera art. 5º da Lei 2480 de 2021
826,295 - Autoriza consignar a extinção da AMVAVE
827,2734 - Autoriza doação de área à CERIPA
828,294 - Acréscimo do art 5º na LC 293
829,"2733 - Crédito Adicional Especial - AVAREPREV - 50.000,00"
830,2732 - Altera art. 2º da Lei 2152 de 2017 - corrida de rua - 30 dias
831,"2730 - Crédito Adicional Especial - SEMADS - 33.422,32"
832,"2729 - Crédito Adicional Especial - SEMADS - 29.921,60"
833,"2728 - Crédito Adicional Suplementar - Saúde - 1.122.952,00"
834,"2731 - Crédito Adicional Especial - planejamento - 100.000,00"
835,2727 - Regularização de construções
836,2721 - Institui vale-transporte - AVAREPREV
837,2725 - Altera Lei 2698 2022 - Abono de Natal Câmara
838,2724 - Autoriza adiantamento para realização da FAMPOP
839,2723 - Construção de fossas sépticas biodigestoras em loteamentos do municipio
840,2722 - Autoriza concessão de bem imóvel - SOUPLELISS COSMÉTICOS LTDA
841,"2726 - Crédito Adicional Suplementar - Planejamento - R$ 1.200.000,00"
842,293 - Alteração do anexo III  da LC 126 2010 - Cria cargos em comissão - Secretario Adjunto
843,2720 - Institui vale-alimentação - AVAREPREV
844,"2719 - Crédito Adicional Especial - Planejamento - 610.578,37"
845,"2718 - Crédito Adicional sUPLEMENTAR - SAÚDE - 834.000,00"
846,"2717 - Crédito Adicional Especial - SEMADS - 100.000,00"
847,2713 - Revoga lei 145 2001 - concessão de uso - núcle da castelo  cavalo manga larga
848,2709 - Implantação da inclusão da Língua Brasileira de Sinais - LIBRAS
849,"2716 - Alteração do art 4º da Lei 1647 2013 - importancia de 150.000,00 - esporte"
850,2712 - Autorização para alienar por venda terrenos de prop do municipio - Residencial Village
851,2715 - regulamentação do controle de acesso nos loteamentos
852,2711 - Altera art 5º da Lei 379 2002 - Caderneta de Visista à Obra
853,2714 - altera artigos da Lei 2290 2019 - regulamenta praticas esportivas recreativas e culturais equestres
854,2710 - Cria Pipódromo
855,285 - Altera Anexo I - Quadro de Pessoal Permanente da LC 126 2010 - Tecnico de Enfermagem
856,292 - Alteração do anexo III - Cria cargos em comissão
857,"2706 - Crédito Adicional Suplementar -SEMADS - 150.000,00"
858,288 - Alteração do anexo II - Quadro de FG - LC 251 2020 - Agente de Apoio - Abordagem Social
859,"2702 - Crédito Adicional Especial - Saúde - 53.987,34"
860,291 - Alteração do anexo III Cargos em Comissão - extinção de cargos em comissão
861,"2705 - Crédito Adicional Especial -SEMADS - 150.000,00"
862,287 - Alteração do anexo I - Quadro de Pessoal Permanente - Nivel Tecnico e Superior - Cria e extingue
863,"2701 - Crédito Adicional Especial - Saúde - 1.901.919,00"
864,"2708 - Crédito Adicional Especial - Educação - 2.718.974,88"
865,290 - Alteração sobre alteração do anexo III Cargos em Comissão - Coord. Tecnico Admvo da Divisão de Exped e Açoes Integradas da Sec de Gabinete
866,"2704 - Crédito Adicional Especial -SEMADS - 100.000,00"
867,286 - Regulamenta a fixação do piso salarial de Agente Comunitário da Saúde
868,"2700 - Crédito Adicional Suplementar - Saúde - 22.500,00"
869,"2707 - Crédito Adicional Especial -Saúde - 900.000,00"
870,289 - Alteração sobre alteração da Lei Complementar 245 - Agente de Contratação
871,"2703 - Crédito Adicional Especial -SEMADS - 74.420,00"
872,2699 - Altera a Lei nº 2670 2022 - isenção
873,2695 - Dispõe sobre a forma de instituição do calendário oficial do municipio
874,2698 - Altera a Lei nº 2601 2022 - abono de natal Camara
875,"2697 - crédito adicional especial - semads - 75.000,00"
876,"2696 - crédito adicional especial - semads - 175.000,00"
877,"2694 - Crédito Adicional Especial - semads - 100.000,00"
878,"2693 - Crédito Adicional Especial - semads - 50.000,00"
879,2692 - Classifica a Visão Monocular com Deficiencia Visual
880,2688 - Institiui e autoriza a concessão de serviço de guincho
881,2691 - Institui a Campanha Março Roxo
882,2690 - Institui no Calendário Oficial do Municipio o Dia de Conscientização da Violencia contra pessoa idosa
883,2689 - inclui no calendario oficial do municipio a Semana de Incentivo à Pratica de Atividades Fisicas e do Profissional de Ed Física
884,2681 - Dispõe implantação do programa Avaré cidade limpa - quem ama cuida
885,2683 - Dispõe sobre inclusão no calendário oficial de eventos a Semana de Conscientização e Combate ao Trabalho Infantil
886,2682 - Dispõe instalação de brinquedos adaptados e equipamentos p pessoas com mobilidade reduzida
887,2684 - Câmara - dispõe sobre proibição da suspensão de agua e energia eletrica em finais de semana e vespera de feriados
888,2687 - Câmara - Altera o art 4º da lei 1338 2010 - Dia da conscientização da importancia da atualização da caderneta de vacinação
889,2686 - Câmara - altera o art 4º da Lei 1338 2010 Dia de Combate à Discriminação Racial 21 de março
890,2685 - Câmara - Direito das maes amamentarem os seus filhos durante realização de concursos publicos
891,2680 - Dispõe sobre Diretrizes Orçamentárias do municipio
892,284 - Dispoe sobe alteração do anexo I da LC 216 - Função de Confiança educação
893,"2679 - CREDITO ADICIONAL ESPECIAL ANULAÇÃO_ COMPENSAÇÃO FINANCEIRA REC. HIDRICOS_R$ 650.000,00"
894,"2675 - crédito adicional especial  - educação - 39.910,40"
895,"2671 - crédito adicional especial  - semads - 500.000,00"
896,2678 - crédito adicional especialr  - meioambiente - 2.013.697.23
897,"2674 - crédito adicional especial  - semads - 33.360,00"
898,"2677 - crédito adicional suplementar  - saúde - 2.329.564,32"
899,"2673 - crédito adicional especial  - semads - 548.492,00"
900,"2676 - crédito adicional especial  - educação - 1.955.370,00"
901,"2672 - crédito adicional especial  - educação - 307.460,62"
902,2668 - inclui área no perímetro urano - Fazenda Bom Jardim
903,"2667 - Crédito Adicional Suplementar - Saúde - 1.400.000,00"
904,2666 - altera o art 1º da Lei 2648 2022
905,"2669 - crédito adicional especial  - saúde - 31.500,00"
906,2670 -  Câmara - Isenção IPTU portadores de doenças considerada graves
907,2665 - autoriza concessão de bem imóvel - LELU
908,2663 - Dispõe sobre obrigatoriedade da instalação de lixeiras externas em imóveis residenciais
909,2664 - Dispõe sobre os cães e gatos comunitários no municipio
910,2662 - Dispõe sobre alteraçao da Lei 1290 2009
911,2661 - Regulamenta e disciplina a colocação de caçambas coletoras de entulhos nas vias publicas do municipio
912,2660 - Autoriza conceder revisão gral anual e reajuste salarial aos funcionários FREA
913,282 - Autoriza conceder revisão geral anual de vencimentos dos servidores e empregados públicos
914,"2659 - Crédito Adicional Especial Educação - 181.757,13"
915,"2658 - Crédito Adicional Especial AVAREPREV - 150.000,00"
916,283 - Dispoe sobe alteração do anexo I da LC 216 - Função de Confiança educação
917,2657 - Alteração do dispositivo da Lei 1.283
918,"2656 - Crédito adicional suplementar - Educação - R$ 1.712.144,07"
919,2655 - Atendimento Educacional Especializado - AEE
920,2654 - Autoriza a concessão de bem imóvel - sangiacomo materiais de construções
921,2650 - Realizar exame preventivo de Diabetes nos alunos da rede publica de ensino
922,2646 - Dispõe sobre os Direitos da Mulher e Institui o Conselho Municipal dos Direitos da Mulher
923,"2649 - Crédito Adicional Esipecial - Educação - 78.070,90"
924,2645 - Institui a campanha AGOSTO LILÁS  - fim da violencia contra a mulher
925,"2652 -Crédito Adicional Especial - Agricultura - 176,16"
926,"2648 - Crédito Adicional Especial - Saúde - 452.150,00"
927,2644 - Dispõe sobre o direito de toda a mulher a ter acompanhante nas consultas e exames nos estabelecimentos públicos e privados de saúde do Município
928,"2651 -Crédito Adicional Especial - Saúde - 33.601,54"
929,2647 - Dispõe sobre a fixação de cartazes nas escolas municipais - disque denúncia contra pedofilia e abuso sexual de crianças e adolescentes
930,2642 - Autoriza a concessão de bem imóvel - Clube Avareense de Aeromodelismo - CAVA
931,2643 - Câmara - regularização de construções
932,2641 - Inclui área no Perímetro Urbano - Chácara Pratânia
933,2635 - Câmara - Altera art 4º da Lei 1338 - Semana de Conscientizaçao da Importancia da Acessibilidade para pessoas com deficiencia
934,2634 - Câmara - Intitui o mês Dezembro Laranja - Cancer de pele
935,2633 - Câmara - DIa Municipal em Memória às Vítimas da COVID-19
936,2636 - Câmara - Institui a marcha da Precvençao ao Suicídio
937,2632 - Regina Câmara
938,"2639 - Crédito Adicional Especial - Saúde - 689.939,04"
939,"2638 - Crédito Adicional Especial - Saúde - 2.918.016,37"
940,281 - Câmara Regina
941,"2637 - Crédito Adicional Especial - Educação - 230.470,45"
942,"2640 - Crédito Adicional Especial - Agricultura - 45.867,04"
943,2628 - Autoriza a concessão de bem imóvel - ABOVA
944,2627 - Revoga Lei 2067 2016
945,280 - Autoriza o Executivo efetivar pagamento de progressão funcional aos ocupantes de cargos da educação
946,"2626 - Crédito Adicional Especial - Progressão Educação Básica - 4.638.556,95"
947,279 - Institui o Programa de Recuperação Fiscal - REFIS
948,"2625 - Crédito Adicional Suplementar - Sec de Obras - 200.000,00"
949,2624 - Obrigatoriedade de prestar socorro aos animais atropelados no municipio de avare
950,2623 - Institui a Semana Municipal do Trabalhador
951,"2622 - Crédito Adicional Especial - FUMBOAR -1.399.484,48"
952,"2621 - Crédito Adicional Especial - Sec Agric e Abast -1.251,82"
953,2620 - Institui o Dia do Ciclista e a Politica de Fomento ao Ciclismo
954,"2618 - Crédito Adicional Especial - Sec de Obras e Serviços - R$ 729,35"
955,"2617 - Crédito Adicional Especial - Sec de Obras e Serviços - R$ 120.930,50"
956,"2619 - Crédito Adicional Especial - Semads - R$ 2.358.300,23"
957,2616 - Parceria com Instituições de ensino superior curso de psicologia
958,"2604 - Crédito Adicional Especial - SEMADS -169,91"
959,"2611 - Crédito Adicional Especial - SEMADS -4.624,56"
960,"2607 - Crédito Adicional Especial - SEMADS -39.866,60"
961,"2614 - Crédito Adicional Especial - SEMADS -779,38"
962,"2603 - Crédito Adicional Especial - SEMADS -169.500,75"
963,"2610 - Crédito Adicional Especial - SEMADS -12.146,60"
964,"2606 - Crédito Adicional Especial - SEMADS -44.699,63"
965,"2613 - Crédito Adicional Especial - SEMADS -113.939,48"
966,"2602 - Crédito Adicional Especial - SEMADS - 205.252,99"
967,"2609 - Crédito Adicional Especial - SEMADS -18.422,38"
968,"2605 - Crédito Adicional Especial - SEMADS -125.069,87"
969,"2612 - Crédito Adicional Especial - SEMADS -289.481,37"
970,278 - Altera dispositivo na L C 126 - Adicional 45%
971,"2608 - Crédito Adicional Especial - SEMADS -34.912,58"
972,"2615 - Crédito Adicional Especial - SEMADS -554,47"
973,2601 - índice para revisão geral anual e reajuste da remuneração dos servidores da Câmara
974,2598 - Instalação de placas informativas sobre locais de grande incidencia de alagamentos
975,"2600 - Parceria entre Prefeitura, Defesa Civil e Corpo de Bombeiros para mapeamento dos pontos de alagamentos"
976,2599 - Criação e inclusão de notificação meteorologica no site da Prefeitura
977,2597 - Altera o § 1º do art 7º da Lei 1283 de 2009
978,2596 - Proceder permuta de área de propriedade do Municipio
979,2595 - concessão de bem imóvel CASA NOVA MIX LTDA
980,276 - Reestrutura o Regime Próprio de Previdência Social - AVAREPREV
981,2594 - Autoriza poder executivo a celerar convênio com o SESI
982,277 - Altera o art 2º da Lei Complementar 90 2009 - SECRETARIAS
983,2593 - Obrigatoriedade de realização de exame toxicologico de queratina Vereadores
984,2592 - Altera art.1º da Lei nº 2.590 2021 - JC
985,"2591 - Credito Adicional Especial - Saúde - 252.000,00"
986,274 - Altera o Anexo I - Quadro de emprego público - Enfermeiro PSF
987,275 - Altera o Anexo I - Quadro de pessoal permanente - Enfermeiro
988,"2589 - Crédito Adicional Suplementar - educação FUNDEB- R$ 3.786.590,90"
989,"2588 - Crédito Adicional Suplementar - saúde - R$ 670.000,00"
990,273 - Altera  o art 3º da Lei Complementar 263 FMSAI
991,2587 - Altera redação do caput do art 2º Lei 2412 - 2020 - subsídio Vice Prefeito
992,"2584 - Crédito Adicional Especial - Saúde - 60.000,00"
993,2583 - Autoriza de bem imovel - UNIÃO NEGRA AVAREENSE - UNA
994,"2586 - Crédito Adicional Especial - Saúde -102.000,00"
995,"2582 - Inclusão do art 1º - A na Lei 2411 - ferias e 13º de vereadores, prefeito e vice"
996,"2585 - Crédito Adicional Especial - Saúde -259.533,64"
997,2581 - Proíbe a utilização de verba pública em eventos e serviços que promovam a sexualização de crianças e adolescentes
998,2577 - Altera a redação do art. 3º §Ú da Lei 2532 - Cléia Dalva Pereira Balera Eireli Epp
999,"269 - Alteração dos anexos da Lei Complementar 254 de 2010, redenominação e redefinição das atribuições de cargos"
1000,"2580 - Crédito Adicional Suplementar PLANEJAMENTO - 580.000,00"
1001,272 - Altera anexo III da Lei complementar 253 de 2020 - redenominação e redefinição Chefe de Planejamento e Gestão Admva
1002,"2579 - Crédito Adicional Especial - SEMADS - 50.000,00"
1003,271 - Altera anexo III da Lei complementar 188 de 2013 - redenominação e redefinição Bairro Costa Azul
1004,"2578 - Crédito Adicional Especial - SEMADS - 200.000,00"
1005,270 - Altera anexo III da Lei complementar 140 de 2011 - redenominação e redefinição SAMU
1006,2576 - Autoriza Sec. de Esportes a desembolsar valores para pagamento de premiação - Final Campeonato Mun de Avaré Novembro Azul
1007,2568 -Estima a receita e fixa a despesa do Município 2022
1008,2575 - Alteração e inclusão de dispositivosda Lei Municipal 315 1995 - Estatuto dos Func Públicos
1009,"265 - Criação, alteração da estrutura administrativa e nomenclatura SMPO"
1010,"2571 -Altera a redação do art. 3º, §Ù, da Lei 2531-ROMA ENGENHARIA"
1011,2567 -Autoriza afetação de área pública no Bairro Jardim Paraiso
1012,2574 - Revoga a Lei Municipal 1440 de 30 11 2010
1013,"2570 -Altera a redação do art. 3º, §Ù, da Lei 2529 - KI-KAKAU"
1014,"267 - Criação, alteração da estrutura administrativa e nomenclatura SEMAJ"
1015,"2573 -Altera a redação do art. 3º, §Ù, da Lei 2538-LAJES FERREIRA & BARBOSA LTDA ME"
1016,"2569 -Altera a redação do art. 3º, §Ù, da Lei 2530 - Pedro Martins da Costa Eirelli EPP"
1017,"266 - Criação, alteração da estrutura administrativa e nomenclatura SMTS"
1018,"2572 -Altera a redação do art. 3º, §Ù, da Lei 2533-WALLTEC"
1019,"268 - Estabelece novo valor do vale alimentação - R$ 400,00"
1020,"2564 -Crédito Adicional Suplementar -Obras  - R$ 130.000,00"
1021,2566 -Autoriza afetação de área pública no Bairro Costa Azul III
1022,"2565 -Crédito Adicional Suplementar -saúde  - R$ 680.000,00"
1023,263 - Cria Fundo Municipal de Saneamento Ambiental e de Infraestrutura - FMSAI
1024,"2562 -Crédito Adicional Suplementar - Obras e Serviços - R$ 345.000,00"
1025,264 - Alteração do inciso I do art 12 da Lei Complementar 216 de  2016 - Bonus da Educação Básica
1026,"2563 -Crédito Adicional Especial - Saúde - R$ 771.232,00"
1027,"2561 -Altera § Ú, art 2º da Lei 2557 - Vale Alimentação Conselho Tutelar"
1028,2560 -Autoriza criar Banco de Materiais Ortopédicos
1029,"2559 -Crédito Adicional Especial - SEMADS - R$ 26.521,17"
1030,"2555 - Crédito Adicional Especial - saúde - R$ 532.863,00"
1031,2556 - Diretrizes para ações de promoção da dignidade menstrual
1032,2557 - Concessão do Vale Alimentação aos Conselheiros Tutelares
1033,2558 - Autoriza o executivo a efetuar adiantamento de recursos financeiros destinados Vacina Cultural - Aldir Blanc
1034,2554 - Concessão de bem imóvel - Lauro Madeiras Comércio e Construções Ltda EPP
1035,"2553 - Crédito Adicional Suplementar - Educação  - R$489.163,18"
1036,"2552 - Crédito Adicional Especial - Obras e Serviços - R$ 250.000,00"
1037,2549 - Institui Semana Ulysses Guimarães
1038,2551 - Revoga Lei Municipal 1987 de 2016
1039,2550 - Anexo
1040,2550 - Revisão do Plano Municipal de Gestão Integrada de Resíduos Sólidos
1041,2548 - Institui o Regime de Previdencia Complementar
1042,2545 - Institui o Conselho de Polícia Cultural de Avaré
1043,2547 - Decretação de utilidade pública municipal a Grupo de Assistencia ao Adolescente e Desenvolvimento da Criança GAADAC
1044,"2546 - Crédito Adicional Especial - Cultura R$ 572.560,55"
1045,2544 - Autoriza o poder executivo municipal através da Secretaria de Saúde a desembolsar valores para custeio de exames
1046,"2542 - Crédito Adicional Especial - Saúde  - R$ 150.000,00"
1047,2538 - Autoriza concessão de bem imóvel - Lajes Ferreira & Barbosa Ltda ME
1048,"2541 - Crédito Adicional Especial - Agricultura  - R$ 50.000,00"
1049,"2540 - Crédito Adicional Especial - Saúde  - R$ 450.000,00"
1050,"2543 - Crédito Adicional Especial - Saúde  - R$ 185.087,69"
1051,"2539 - Crédito Adicional Especial - Saúde  - R$ 103.011,48"
1052,2537 -Altera Lei 1682 de 28 de maio de 2013
1053,2535 - Anexo Autografo 130.2021
1054,2534 - Aprovação do Plano Municipal de Recuperação e Conservação da Mata Atlantica e do Cerrado
1055,2534 - Anexo Autografo 129.2021
1056,2536 - Anexo Autografo 131.2021
1057,2535 -Aprovação do Plano Municipal de Controle de Erosão
1058,2536 -Aprovação do Plano Municipal de Arborização Urbana
1059,2533 - Autoriza concessão de imovel -Walltec S.A.
1060,2530 - Autoriza concessão de imovel -Pedro Martins da Costa Eirelli EPP
1061,2529 - Autoriza concessão de imovel -Ki-Kakau
1062,2532 - Autoriza concessão de imovel -Cléia Dalva Pereira Balera
1063,2531 - Autoriza concessão de imovel -Roma Engenharia e Terraplanagem Eirelli
1064,2528 -Alteração da Lei 674 2004 - Lei de Vila
1065,"2527 -Crédito Adicional Especial - Saúde - 6.505,88"
1066,"2526 -Crédito Adicional Especial - Saúde - 100.000,00"
1067,2525 - Institui no calendário oficial a campanha Acolha a Vida
1068,2524 - Dispõe sobre denominação do Horto Florestal - Neto Guazzelli
1069,2523 -Dispõe sobre uma folga anual para todos servidores publicos no dia de seu aniversário
1070,2522 -Proíbe o consumo de bebidas alcoolicas nos locais publicos
1071,2520 -Dispõe sobre o Plano Plurianual de Ação Governamental - PPAG
1072,2521 -Dispõe sobre as Diretrizes Orçamentárias  - LDO
1073,2517 - Revoga Lei 2426 2020
1074,2518 - Atendimento médico-pediátrico o período noturno
1075,2516 - Revoga Lei 2493 2021
1076,2511 - Estabelecimento de multa para quem promover ou ceder propriedade para realização de festas
1077,2513 - Instalação de equipamento eliminador de ar na tubulação do sistema de agua residencial ou comercial
1078,"2519 -Crédito Adicional Especial - Educação - 257.235,34"
1079,2515  obrigatoriedade das Concessionárias de Energia Elétrica a proceder a ligação de energia nos bairros e loteamentos que não tiverem energia do município de Avaré
1080,"2514 -Crédito Adicional Especial - Turismo - 88.236,81"
1081,2509 - Institui o Programa Municipal de Educação PMEA
1082,2512 - Denomina o campo municipal Benedito da Silva  - Bugrinho
1083,2510 - Alteração da Lei nº 114 2001 - herbicida
1084,"2508 - Crédito adicional especial - SME 66.023,03"
1085,2506 - veda  a nomeação pela administração Publica Direta e Indireta de pessoas condenadas
1086,262 - Alteração do Anexo I do Quadro de Pessoal Permanente - Enfermagem
1087,2507 - Obrigatoriedade de inserção do simbolo mundial da conscientizaçao dos Transtornos do Espectro Autista - TEA
1088,2503 - Denomina a Pista de Atletismo do Campo Municipal de Adão de Campos
1089,2502 - Prioridade de matricula e transferencia às crianças e adolescnetes sob guarda de mulheres vitimas de violencia
1090,2503 - Denomina a Pista de Atletismo do Campo Municipal de Adão de Campos
1091,2502 - Prioridade de matricula e transferencia às crianças e adolescnetes sob guarda de mulheres vitimas de violencia
1092,2504 - Obrigatoriedade de disponibilizar a entrega de medicamentos nos domicilios das pessoas que fazem uso contínuo
1093,2499 - Institui a Comissão Especial de Estudos denominada Frente Parlamentar em Defesa dos Direitos das Mulheres
1094,2500 - Altera redação do § 4º do art 15 da Lei Municipal 2286
1095,"2501 - Crédito Adicional Especial Saude e Educação 285.722,71"
1096,2498 - Dispõe sobre a reserva de vagas de empregos para mulheres vitimas de violencia domestica e familiar
1097,2497 - Estabelece que hospitais e maternidades do municipio oferaçam aos pais treinamentos para primeiros socorros
1098,2496 - Revoga a Lei 2481 2021
1099,2495 - Altera a redação do parágrafo terceiro do art 1º da Lei 2428
1100,2493 - Revogação do parágrafo 3º do art. 1º da Lei 2426 SANCIONADA PELA CAMARA
1101,2488- Altera a redação do art. 4º da lei 2331- 2019
1102,2494 - Altera Lei 2464 2021 SANCIONADA PELA CAMARA
1103,"2491 - Crédito Adicional Especial - FMS  - 133.838,10"
1104,"2490 - Crédito Adicional Especial - FMS  - 126.836,54"
1105,"2489 - Crédito Adicional Especial - FMS  - 106.831,06"
1106,"2492 - Crédito Adicional Especial - FMS  - 44.457,09"
1107,2487 - Dispoe sobre a proibição de produtos fumígenos e afins nas repartições públicas
1108,"2484 - Crédito Adicional Especial - FMS  - 38.504,60"
1109,261 - Altera a redaçõa do caput do art. 3º e Anexo I da Lei Complementar 259  REFIS
1110,"2482 - Crédito Adicional Especial - FMS  - 94.992,95"
1111,"2486 - Crédito Adicional Especial - FMS  - 501.056,45"
1112,"2485 - Crédito Adicional Especial - FMS  - 78.002,25"
1113,2483 - Lei Veto Sancionada Pela Camara - Projeto de Lei 23.2021
1114,2480 - Cria incentivos para a instalação e permanência de empresas no Municipio de Avaré
1115,260 - Cria e disciplina o Conselho Municipal do Plano Direto CMPD
1116,2477- Cria a Procuradoria da Mulher na Câmara Municipal de Avaré
1117,2481 - Adoção de medidas temporárias e emergenciais na prevenção e combate ao contágio de Covid 19
1118,2479- Cria a Parada Segura dispondo sobre critérios para embarque e desembarque para mulheres em horáio noturno no transporte coletivo
1119,2478- Institui o Programa de Cooperação e o Códiogo Sinal Vermelho
1120,2473- Determina prioridade na Vacinação contra Covid 19
1121,2476- Institui doação voluntária de alimentos não pereciveis na vacinação COVID 19
1122,2475- Altera o artigo 4º da Lei 1.338 2010 inclusão da Semana Municipal da Lingua Brasileira de Sinais
1123,2477- Institui o programa de Recuperação Fiscal - REFIS
1124,2474- Altera o artigo 3º da Lei 1.434 2020
1125,"2468- CRÉDITO ADICIONAL ESPECIAL  - Sec Educação - 4.347.268,36"
1126,"2471- CRÉDITO ADICIONAL ESPECIAL - FMS - 550.120,95"
1127,"2470- CRÉDITO ADICIONAL ESPECIAL - Sec  Obras - 149.569,20"
1128,"2469- CRÉDITO ADICIONAL SUPLEMENTAR  - FMS - 2.310.000,00"
1129,"2472- CRÉDITO ADICIONAL ESPECIAL - FMS - 32.641,12"
1130,2467- Altera a redação do inciso I do art. 53 da Lei 2007 16 - 60 horas
1131,2466- Obriga disponibilizar consulta online dos registros cadastrais de imóveis -Câmara
1132,2465- utilização de lacre inviolável na embalagen de alimentos entregues em domiciliio
1133,2464-Autorização para abertura do Comércio - Covid
1134,"2461- CRÉDITO ADICIONAL ESPECIAL F M Saúde - 709.672,23"
1135,"2457 - CRÉDITO ADICIONAL ESPECIAL F M Saúde - 35.140,07"
1136,"2460 - CRÉDITO ADICIONAL ESPECIAL F M Saúde - 57.243,89"
1137,"2456 - CRÉDITO ADICIONAL ESPECIAL Planejamento e Transp Viário - 101,43."
1138,"2463- CRÉDITO ADICIONAL ESPECIAL Secretaria Municipal de Obras - 651,18"
1139,"2459- CRÉDITO ADICIONAL ESPECIAL SEMADS - 122.022,64"
1140,"2455 - CRÉDITO ADICIONAL ESPECIAL F M Saúde - 150.000,00"
1141,"2462- CRÉDITO ADICIONAL ESPECIAL F M Saúde - 767.704,06"
1142,"2458 - CRÉDITO ADICIONAL ESPECIAL F M Saúde - 508.343,93"
1143,258 - Lei Complementar - Altera anexo III - Quadro de Pessoal - Cargos em Comissão
1144,2447 - Ampliação de perimetro urbano - Fazenda Lazzaretos
1145,257 - Lei Complementar - Altera anexo IV E - Tabela de Vencimentos - acrescido nivel 16
1146,2449 - Ampliação de perimetro urbano - Fazenda do Trevo Gleba A
1147,2448 - Ampliação de perimetro urbano - Fazenda do Trevo Gleba C
1148,"2451 - CRÉDITO ADICIONAL ESPECIAL Semads 2.706,11"
1149,"2454 - CRÉDITO ADICIONAL ESPECIAL FUMBOAR 858.030,22"
1150,"2450 - CRÉDITO ADICIONAL ESPECIAL Semads 2.028,17"
1151,"2453 - CRÉDITO ADICIONAL ESPECIAL Semads 73,81"
1152,"2452 - CRÉDITO ADICIONAL ESPECIAL Semads 4.511,11"
1153,"2446 - CRÉDITO ADICIONAL ESPECIAL R$ 452.238,04"
1154,"2441 - CRÉDITO ADICIONAL ESPECIAL R$ 54.668,69"
1155,"2445 - CRÉDITO ADICIONAL ESPECIAL R$ 351.084,61"
1156,"2440 - CRÉDITO ADICIONAL ESPECIAL R$ 26.291,57"
1157,"2444 - CRÉDITO ADICIONAL ESPECIAL R$ 279.213,95"
1158,"2443 - CRÉDITO ADICIONAL ESPECIAL R$ 209.899,67"
1159,"2442 - CRÉDITO ADICIONAL ESPECIAL R$ 94.148,52"
1160,2438- Cria S.O.S Idoso
1161,2437- criação e implantação do Projeto Arte para a Melhor Idade
1162,2436- Revoga Lei 2427 - Serviços Essenciais
1163,2439- Institui o Programa de Conscientização da Sindrome de Down
1164,2435 - contratação de serviços médicos e equipamentos para exames
1165,"2431 - CREDITO ADICIONAL SF_CONVENIO devolução 1.042,85"
1166,2434 - CRÉDITO -  SUPERAVIT FUMCAD 2021
1167,"2430 - CREDITO ADICIONAL ESPECIAL SF SAUDE_4.258.723,34"
1168,2433 - CREDITO ADICIONAL ESPECIAL_devolução CONVENIO transp. alunos_contrapartida município
1169,"2429 - CREDITO ADICIONAL ESPECIAL SF SAUDE_543.807,65"
1170,"2432 - CREDITO ADICIONAL ESPECIAL_devolução CONVENIO DADE_172.977,05"
1171,255 - Reestrutura o Regime Próprio de Previdência
1172,2428 - Autoriza Poder Legislativo celebrar Convênio
1173,256 - Utilização do Camping Municipal
1174,2427 - Serviços essenciais para a população de Avaré
1175,Lei 2426
1176,"2423 - CRÉDITO ADICIONAL - EDUCAÇÃO EXCESSO ARREC._8.983,28"
1177,"2424 - CREDITO ADICIONAL - EDUCAÇÃO SUPERAVIT FINANCEIRO_239.893,63"
1178,"2425 - CREDITO - SEMADS RECURSO COVID SEMADS_92.460,00"
1179,2422 - CREDITO ADICIONAL SUPLEMENTAR_SEMADS_CONSTRUÇÃO CASA ABRIGO
1180,2421 - LOA 2021
1181,2420 - Prorrogação PARCERIA PAVIMENTAÇÃO - Fazenda dos Milagros
1182,2419 - Ampliação de perimetro urbano - Auto Rio Novo Fazenda Santa Rita
1183,"2418 - Credito Especial Secretaria da Cultura R$ 631.725,51"
1184,254 - Redenomina Cargos Diretor e outros
1185,2416 - Autoriza receber imóveis em doação
1186,2417 - Regulamenta Processo Administrativo no Ambito Municipal - revoga lei 60-2001
1187,"2415 - Crédito Adicional - SAÚDE EXCESSO ARREC. COVID_279.169,92"
1188,Lei 2414
1189,Anexo Lei 2414
1190,2413 - Delimita área da EMAPA
1191,2411 - Subsídios Vereadores 2021 a 2024
1192,2412 - Subsídios Prefeito e Secretários 2021 a 2024
1193,"2410 - Crédito Adicional - SAÚDE EXCESSO ARREC. COVID_6.201.041,00"
1194,"2408 - Altera 2398 - credito adicional 467.336,55 - correção dotação"
1195,"2409 - Crédito Adicional - SAÚDE EXCESSO ARREC. COVID_350.000,00"
1196,"2407 - Crédito Adicional - SEMADS EXCESSO ARREC. COVID_266.400,00 - 2ª PARCELA"
1197,2404 - Altera artigo 1 da lei 1390 - quiosque praça da paz
1198,"2405 - Crédito Adicional - SEMADS EXCESSO ARREC. COVID 19_121.095,00 - 2ª PARCELA"
1199,"2401 - CRÉDITO ADICIONAL - SEMADS EXCESSO ARREC. COVID_230.553,06"
1200,"2402 - CRÉDITO ADICIONAL - SEMADS EXCESSO ARREC. COVID_200.160,00"
1201,"2403 - CRÉDITO ADICIONAL - SAÚDE EXCESSO ARREC. E.I_500.000,00"
1202,"2400 - CRÉDITO ADICIONAL - SAÚDE EXCESSO ARREC._350.000,00 AT. BÁSICA"
1203,Lei 2399 - envio de documentos - repasse federal covid
1204,"2398 - CREDITO ADICIONAL ESPECIAL SUPERAVIT FINANCEIRO LEILAO_467.336,55"
1205,Lei 2397 - Altera Lei 1937-2015 - linhas de pipa
1206,"2396 - Crédito Adicional SEMADS EXCESSO ARREC. COVID_266.400,00"
1207,253 - Altera denominação de Chefe de Seção para Chefe Planejamento e Gestão
1208,"2391 - CREDITO ADICIONAL ESPECIAL SF devolução conv. transporte_36.825,91"
1209,"2395 - CREDITO ADICIONAL ESPECIAL_R$ 66.765,44 devolução CONVENIO transp. alunos 2ª SEM. 2019"
1210,"2392 - Crédito Adicional - SAÚDE EXCESSO ARREC. COVID_100.000,00"
1211,"2393 - CREDITO ADICIONAL ESPECIAL SUPERAVIT FINANCEIRO SAUDE_719.216,67"
1212,"2394 - CREDITO ADICIONAL ESPECIAL_R$ 194.513,61 devolução CONVENIO alim. escolar 2ª SEM. 2019"
1213,"2389 - Crédito Adicional - SEMADS EXCESSO ARREC. COVID_63.000,00"
1214,252 - Lei Complementar - Modifica Regime Próprio de Previdência - altera artigo da LC 938
1215,"2390 - Crédito Adicional - SEMADS EXCESSO ARREC. COVID_121.095,00"
1216,2387 - Inclui parágrafo único no art 14 da LC 2007 e Revoga parágrafo único do art 15
1217,"2388 - Crédito Adicional - CREDITO ADICIONAL ESPECIAL SF devolução_392.491,64"
1218,"2386 - Crédito Adicional - SAÚDE EXCESSO ARREC._200.000,00"
1219,"2384 - Crédito Adicional - SEMADS EXCESSO ARREC._26.220,00"
1220,"2385 - Crédito Adicional - SUPERAVIT FINANCEIRO SAUDE_52.491,18"
1221,"2383 - Crédito Adicional SAÚDE SUPERÁVIT FINANCEIRO_29.934,37_retificado"
1222,"2380 - Crédito Adicional - SAÚDE EXCESSO ARREC._400.000,00"
1223,"2377 - Crédito Adicional - SAÚDE SUPERÁVIT FINANCEIRO_200.324,67"
1224,"2381 - Crédito Adicional - SEMADS POR ANULAÇÃO_100.000,00"
1225,"2378 - Crédito Adicional - SAÚDE EXCESSO ARREC._50.000,00 MAC"
1226,"2382 - Crédito Adicional - SEMADS EXCESSO ARREC. COVID_10.500,00"
1227,"2379 - Crédito Adicional - SAÚDE EXCESSO ARREC._50.000,00 AT. BÁSICA"
1228,"2376 - Crédito Adicional - SAÚDE EXCESSO ARREC._500.000,00"
1229,2375 - Crédito Adicional Especial_devolução CONVENIO transp. alunos_contrapartida município
1230,2374 - Altera Art.1 da Lei 1015 - Postos de Gasolina
1231,251 - Lei Complementar - Cria Função Gratificada
1232,"2372 - Cédito Adicional - SAÚDE EXCESSO ARREC._150.000,00"
1233,"2373 - Crédito Adicional - SAÚDE  EXCESSO DE ARRECADAÇÃO_500.000,00"
1234,"2371 - Crédito Adicional Especial - SF SEC. PLAN. TRANSP_495.735,27"
1235,2370 - REVOGA-§-2-E-3-DA-LEI-1283.2009 - Adiantamento
1236,"2368 - Crédito Adicional - Decon_saude crédito adicional 190.000,00"
1237,"2369 - Crédito Adicional - SAÜDE COVID 1.730.734,94"
1238,"2366 - Crédito Adicional - SAÚDE SUPERÁVIT FINANCEIRO_113.407,63"
1239,"2367 - Crédito Adicional - SEMADS EXCESSO ARREC. COVID_16.016,61"
1240,"2364 - Crédito Adicional - SAÚDE EXCESSO ARREC. COVID_180.126,00"
1241,"2365 - Crédito Adicional - SAÚDE EXCESSO ARREC. COVID_360.252,00"
1242,2361 - CREDITO ADICIONAL SUPLEMENTAR FREA
1243,"2362 - CREDITO ADICIONAL SUPERAVIT FINANCEIRO QMSE_2.853.583,73"
1244,250 - Lei Complementar - Redenomina Cargos de  Assessor
1245,"2363 - Crédito Adicional Especial - SUPERAVIT FINANCEIRO SAUDE_512.790,72"
1246,"2360 - CREDITO ADICIONAL ESPECIAL_EXCESSO ARRECADAÇÃO_R$ 242.603,57"
1247,2359 - Revoga Lei 2004 - doação de área www produtos farmaceuticos
1248,"2354 - Crédito Adicional - SUPERAVIT FINANCEIRO SEMADS_100.000,00"
1249,"2357 - Crédito Adicional - SUPERAVIT FINANCEIRO SEMADS_756,53"
1250,"2353 - Institui Conselho  Municipal do Trabalho , Emprego e Renda"
1251,"2356 - Crédito Adicional - SUPERAVIT FINANCEIRO SEMADS_9.283,07"
1252,"2355 - Crédito Adicional - SUPERAVIT FINANCEIRO SEMADS_19.741,95"
1253,"2350 - Crédito Adicional - SUPERAVIT FINANCEIRO SEMADS_345.276,07"
1254,"2349 - Crédito Adicional - SUPERAVIT FINANCEIRO SEMADS_188.923,25"
1255,"2352 - Crédito Adicional - SUPERAVIT FINANCEIRO SAUDE_150.578,36"
1256,"2348 - Crédito Adicional - SUPERAVIT FINANCEIRO SEMADS_138.968,52 (1)"
1257,2351 - Crédito Adicional - SUPERAVIT FUMCAD 2020 - 1.286
1258,2347 - Crédito Adicional - SUPERAVIT FINANCEIRO - cessao onerosa - AVAREPREV
1259,2343 - Repasse de Recursos OSC - Entidades
1260,"2346 - Crédito Adicional - SUPERAVIT FINANCEIRO SEMADS_103.043,42"
1261,"2342 - Crédito Adicional Especial - SUPERAVIT FINANCEIRO SAUDE_797.497,65"
1262,"2345 - Crédito Adicional - FUMBOAR SUPERAVIT FINANCEIRO_803.261,57"
1263,"2344 - Crédito Adicional - DEVOLUÇÃO CONVÊNIO SEMADS_26.421,31"
1264,Lei 2341
1265,2337 - Doação NOCAIJA
1266,2338 - Crédito 112
1267,2339 - Crédito 73
1268,2336 - Taxas Vigilância Sanitária
1269,2340 - Crédito 310
1270,2334 - CREDITO ADICIONAL ESPECIAL_EC 103-19
1271,2333 - Crédito Adicional Suplementar por Anulação - 30.000
1272,2331 - Concessão de área - Escola de Futebol Internacional
1273,249 - Cria Gratificação ATIVIDADE DELEGADA
1274,248 - Altera artigos e anexos da LC 213 - plano diretor
1275,2330 - Crédito Adicional Especial - 3838 - Ministério das Cidades
1276,2329 - Concessão área amigo solidário
1277,2327 - Inclui área no Perímetro Urbano - Estância São Marcos
1278,2328 - 83 Jogos Abertos Horácio Baby Barioni
1279,2326 - Revoga Lei 1870 - area de terras inss
1280,247 - Altera requisito 2 do anexo II e III da lei complementar 245
1281,2324 - Distrato Social - LaborAmvave
1282,2325 - Revoga Lei 480 - Fruta Cor - João Teobaldo
1283,2323 - Parceria Fazenda dos Milagros - Pavimentação
1284,2322 - Crédito 650
1285,246 - REFIS 2019
1286,2321 - Crédito Semads 100
1287,2318 - Credito Drenagem Urbana Duílio Gambine - FEHIDRO 12
1288,2319 - Credito Escola da Beleza - FUSSESP 2
1289,2316 - Credito AVAREPREV 795
1290,2320 - Espaço Árvore
1291,2317 - Credito Polos Regionais Construção Civil 18 - SUPERAVIT
1292,2315 - Pintura de Guias - Demutran
1293,Lei 2.292 - Termo Anexo
1294,2312 - Altera Artigo 2 da Lei 583 - Cria FREA
1295,2313 - Credito AMVAVE
1296,2310 - Altera Artigo 42 da Lei 2209 - LDO FREA
1297,2314 - Credito Educação 930
1298,2311 - Altera Artigo 12 da Lei 2257 - LOA FREA
1299,2308 - Recebe doação do Estado
1300,2309 - Crédito Saude 555
1301,2306 - Adiantamento FAMPOP
1302,2305 - Crédito
1303,244 - Altera 166
1304,2303 - Perimetro Urbano
1305,2304 - Convênio Secretaria de Segurança Pública
1306,2298 - Crédito
1307,2300 - Dia dos Veteranos da Polícia Militar
1308,2299 - Crédito
1309,2292 - J QUINTILIANO
1310,2297 - Jogos Regionais
1311,2295 - Crédito
1312,2296 - Alienação TRerrenos
1313,2289 - Revoga 1764 - concede uso
1314,2290 - Praticas Esportivas
1315,2291 - Revoga 2271 - desafeta NOCAIJA
1316,2288 - Credito SUPERAVIT 189
1317,2289 - Revoga 1764 - concede uso
1318,241 - Altera 238 - redenomina cargos médicos
1319,2287 - Credito SEMADS
1320,243 - Revisão Vale Alimentação
1321,2286 - Auxílio Aluguel Social
1322,242 - Revisão Geral de vencimentos - aumento de salario
1323,2285 - Santa Lúcia
1324,2284 - Santa Tereza
1325,2283 - São Rogério III
1326,2281 - Reajuste Câmara
1327,2282 - São Rogério IV
1328,2280 - Crédito
1329,2279 - Bueiro Inteligente
1330,2278 - Crédito
1331,2271 - Nocaija
1332,2275 - Crédito
1333,2272 - Crédito
1334,2276 - Crédito
1335,2273 - Crédito
1336,2277 - Crédito
1337,2274 - Crédito
1338,2270 - Altera Lei entidades
1339,2269 - Crédito
1340,2267 - Crédito
1341,2268 - Crédito
1342,2266 - Entidades
1343,2264 - 13º
1344,2265 - Crédito
1345,2266 - Entidades 2 aNEXO
1346,240 - Agente Comunitário
1347,2261 - Crédito
1348,2260 - Centro de triagem de Animais Silvestres
1349,2262 - Crédito
1350,2260 - Centro de triagem de Animais Silvestres
1351,Anexo 238
1352,238
1353,2253 - Recuperação de crédito Frea
1354,234
